start_s,end_s,radius_cm,delta_H,delta_M,delta_logD,mean_H_rate_s-1,mean_M_rate_s-1,mean_logD_rate_s-1
0,60,0,1.2925159640492234e-09,0,1.2925159640492234e-09,2.1541932734153724e-11,0,2.1541932734153724e-11
60,120,0,2.5725829871101405e-06,0,2.5725829871101405e-06,4.2876383118502344e-08,0,4.2876383118502344e-08
120,180,0,4.6708781979340995e-05,0,4.6708781979340995e-05,7.7847969965568321e-07,0,7.7847969965568321e-07
180,240,0,0.00021654097823477474,0,0.00021654097823477474,3.6090163039129122e-06,0,3.6090163039129122e-06
240,300,0,0.00054367676232409522,-2.4980018054066023e-17,0.00054367676232407029,9.0612793720682532e-06,-4.1633363423443374e-19,9.0612793720678381e-06
300,360,0,0.00098041980087356859,-2.4980018054066023e-17,0.00098041980087354365,1.6340330014559475e-05,-4.1633363423443374e-19,1.6340330014559062e-05
360,420,0,0.0014906471029562654,2.4980018054066023e-17,0.0014906471029562903,2.4844118382604424e-05,4.1633363423443374e-19,2.4844118382604837e-05
420,480,0,0.0020749576376598603,7.4940054162198071e-17,0.0020749576376599354,3.4582627294331004e-05,1.2490009027033013e-18,3.4582627294332257e-05
480,540,0,0.0026954429103190954,-4.9960036108132046e-17,0.0026954429103190456,4.4924048505318257e-05,-8.3266726846886747e-19,4.4924048505317424e-05
540,600,0,0.0033077776698555786,-2.6728619317850643e-15,0.0033077776698529058,5.5129627830926313e-05,-4.4547698863084406e-17,5.5129627830881766e-05
600,660,0,0.0038903627355788492,-4.1142089735046744e-14,0.0038903627355377072,6.4839378926314148e-05,-6.8570149558411236e-16,6.4839378925628458e-05
660,720,0,0.0044620435765631884,-4.1529280014884767e-13,0.0044620435761478956,7.4367392942719813e-05,-6.9215466691474611e-15,7.4367392935798267e-05
720,780,0,0.0050373460731486866,-2.9253099942394554e-12,0.0050373460702233764,8.3955767885811447e-05,-4.8755166570657591e-14,8.3955767837056271e-05
780,840,0,0.0056172167371347226,-1.5549286858096422e-11,0.0056172167215854359,9.3620278952245378e-05,-2.5915478096827371e-13,9.3620278693090593e-05
840,900,0,0.006176760446130726,-6.5973476681691068e-11,0.0061767603801572493,0.0001029460074355121,-1.0995579446948511e-12,0.00010294600633595415
900,960,0,0.0067004014406344889,-2.3312359542781994e-10,0.0067004012075108938,0.00011167335734390815,-3.8853932571303321e-12,0.0001116733534585149
960,1020,0,0.0071704996572703392,-7.0870711799120307e-10,0.007170498948563221,0.00011950832762117232,-1.1811785299853384e-11,0.00011950831580938702
1020,1080,0,0.0075992021265379461,-1.9009591650798187e-09,0.0075992002255787809,0.00012665336877563244,-3.1682652751330309e-11,0.00012665333709297968
1080,1140,0,0.0080025299187343954,-4.5894226419207488e-09,0.0080025253293117531,0.00013337549864557327,-7.6490377365345815e-11,0.00013337542215519589
1140,1200,0,0.0083871727941956381,-1.0133062763872934e-08,0.0083871626611328742,0.00013978621323659397,-1.6888437939788224e-10,0.00013978604435221456
1200,1260,0,0.0087769264039374295,-2.072652584561574e-08,0.0087769056774115832,0.00014628210673229048,-3.4544209742692902e-10,0.00014628176129019305
1260,1320,0,0.0091531427047607944,-3.9691926195795099e-08,0.0091531030128345989,0.00015255237841267991,-6.6153210326325165e-10,0.00015255171688057664
1320,1380,0,0.009494309935994788,-7.1786188518552232e-08,0.0094942381498062701,0.00015823849893324647,-1.1964364753092038e-09,0.00015823730249677116
1380,1440,0,0.009802099487315627,-1.2350048843590146e-07,0.0098019759868271904,0.00016336832478859378,-2.0583414739316911e-09,0.00016336626644711984
1440,1500,0,0.010103986063359882,-2.0333439999242751e-07,0.010103782728959889,0.0001683997677226647,-3.3889066665404584e-09,0.00016839637881599815
1500,1560,0,0.010383497856777404,-3.2202350706000973e-07,0.010383175833270345,0.00017305829761295674,-5.3670584510001621e-09,0.00017305293055450575
1560,1620,0,0.010607903642309263,-4.9268643764754937e-07,0.010607410955871616,0.00017679839403848772,-8.2114406274591568e-09,0.00017679018259786027
1620,1680,0,0.010772123267412032,-7.3087118162562513e-07,0.010771392396230406,0.00017953538779020051,-1.2181186360427085e-08,0.00017952320660384008
1680,1740,0,0.010901675384544646,-1.054523618027048e-06,0.010900620860926618,0.00018169458974241076,-1.7575393633784134e-08,0.00018167701434877696
1740,1800,0,0.011002606871708981,-1.4838623511426173e-06,0.011001123009357839,0.00018337678119514968,-2.4731039185710287e-08,0.00018335205015596398
1800,1860,0,0.011109021794613733,-2.0411894531863208e-06,0.011106980605160546,0.00018515036324356221,-3.4019824219772015e-08,0.00018511634341934242
1860,1920,0,0.011245569882188305,-2.7507233111290228e-06,0.011242819158877176,0.00018742616470313842,-4.5845388518817046e-08,0.0001873803193146196
1920,1980,0,0.011394351856449103,-3.6383258174232932e-06,0.011390713530631679,0.00018990586427415171,-6.0638763623721557e-08,0.00018984522551052799
1980,2040,0,0.011516346262148036,-4.7310649764070734e-06,0.011511615197171629,0.00019193910436913393,-7.8851082940117887e-08,0.00019186025328619383
2040,2100,0,0.011576914556068768,-6.0565572424037275e-06,0.011570857998826364,0.00019294857593447947,-1.0094262070672879e-07,0.00019284763331377274
2100,2160,0,0.011600679151553162,-7.6424559426663284e-06,0.011593036695610496,0.00019334465252588602,-1.2737426571110546e-07,0.00019321727826017492
2160,2220,0,0.011604557346855365,-9.5161560380446764e-06,0.011595041190817321,0.0001934092891142561,-1.5860260063407794e-07,0.000193250686513622
2220,2280,0,0.011582246571513743,-1.1704190951647427e-05,0.011570542380562095,0.00019303744285856239,-1.9506984919412377e-07,0.00019284237300936825
2280,2340,0,0.011552809144175447,-1.4231778693105107e-05,0.011538577365482342,0.00019254681906959078,-2.3719631155175177e-07,0.00019230962275803903
2340,2400,0,0.011531131051072063,-1.7122788254400612e-05,0.011514008262817663,0.00019218551751786772,-2.8537980424001018e-07,0.00019190013771362772
2400,2460,0,0.011512205762958416,-2.0399267211124164e-05,0.011491806495747292,0.00019187009604930693,-3.3998778685206938e-07,0.00019153010826245489
2460,2520,0,0.01149991657739674,-2.4081252416102724e-05,0.011475835324980638,0.00019166527628994566,-4.0135420693504543e-07,0.00019126392208301064
2520,2580,0,0.011484830356276399,-2.8186373865124437e-05,0.011456643982411275,0.00019141383927127331,-4.6977289775207397e-07,0.00019094406637352126
2580,2640,0,0.011468651822505505,-3.2729722727004035e-05,0.011435922099778501,0.0001911441970417584,-5.4549537878340063e-07,0.000190598701662975
2640,2700,0,0.011422394402044678,-3.7723155570718042e-05,0.01138467124647396,0.00019037324003407796,-6.2871925951196735e-07,0.00018974452077456601
2700,2760,0,0.011347285204087787,-4.3174288582872893e-05,0.011304110915504914,0.00018912142006812977,-7.1957147638121484e-07,0.00018840184859174856
2760,2820,0,0.011279428175999862,-4.9088323269344536e-05,0.011230339852730517,0.00018799046959999769,-8.1813872115574227e-07,0.00018717233087884195
2820,2880,0,0.011196647753388356,-5.5467849363285938e-05,0.011141179904025069,0.00018661079588980594,-9.2446415605476565e-07,0.00018568633173375116
2880,2940,0,0.011070738051343232,-6.2310114608699096e-05,0.011008427936734533,0.00018451230085572053,-1.038501910144985e-06,0.00018347379894557555
2940,3000,0,0.010929541958648425,-6.9608174267174504e-05,0.010859933784381251,0.00018215903264414042,-1.1601362377862418e-06,0.00018099889640635418
3000,3060,0,0.010788748803915893,-7.7353681261133067e-05,0.01071139512265476,0.00017981248006526489,-1.2892280210188844e-06,0.000178523252044246
3060,3120,0,0.010623470642577015,-8.5534277156398809e-05,0.010537936365420617,0.00017705784404295025,-1.4255712859399801e-06,0.00017563227275701028
3120,3180,0,0.010443568439662432,-9.4133445765404123e-05,0.010349434993897028,0.00017405947399437387,-1.5688907627567353e-06,0.00017249058323161713
3180,3240,0,0.010285695524110683,-0.00010313391279502819,0.010182561611315654,0.00017142825873517806,-1.7188985465838033e-06,0.00016970936018859424
3240,3300,0,0.01018013371764287,-0.00011252186403139805,0.010067611853611472,0.00016966889529404782,-1.8753644005233009e-06,0.00016779353089352455
3300,3360,0,0.010090114089063351,-0.00012228304881536077,0.0099678310402479906,0.00016816856815105586,-2.0380508135893463e-06,0.00016613051733746652
3360,3420,0,0.0099924001171640686,-0.00013239841448034755,0.0098600017026837204,0.00016654000195273448,-2.2066402413391257e-06,0.00016433336171139533
3420,3480,0,0.0098722527239841207,-0.00014284529098436416,0.0097294074329997565,0.00016453754539973536,-2.3807548497394027e-06,0.00016215679054999593
3480,3540,0,0.0097198527265138779,-0.00015359644161902215,0.0095662562848948564,0.00016199754544189796,-2.5599406936503692e-06,0.00015943760474824761
3540,3600,0,0.0095393709380083846,-0.00016462219191109304,0.009374748746097292,0.00015898951563347307,-2.7437031985182173e-06,0.00015624581243495487
3600,3660,0,0.0093287254150241639,-0.00017588998756768999,0.0091528354274564745,0.0001554787569170694,-2.9314997927948332e-06,0.00015254725712427456
3660,3720,0,0.0091311130173596933,-0.00018736900107444734,0.0089437440162852457,0.00015218521695599488,-3.1228166845741223e-06,0.00014906240027142076
3720,3780,0,0.0089745609483997679,-0.0001990379911955692,0.0087755229572041987,0.00014957601580666279,-3.3172998532594866e-06,0.0001462587159534033
3780,3840,0,0.0088312919936019973,-0.00021087664375583903,0.0086204153498461583,0.00014718819989336662,-3.5146107292639838e-06,0.00014367358916410263
3840,3900,0,0.0086969901282879514,-0.00022286173988273188,0.0084741283884052186,0.00014494983547146587,-3.7143623313788649e-06,0.00014123547314008698
3900,3960,0,0.0085682367500212742,-0.00023497127830092186,0.0083332654717203532,0.0001428039458336879,-3.9161879716820313e-06,0.0001388877578620059
3960,4020,0,0.0084250048736401739,-0.00024718038775203019,0.0081778244858881442,0.00014041674789400289,-4.1196731292005028e-06,0.00013629707476480241
4020,4080,0,0.0082636597808580792,-0.00025946047436785878,0.0080041993064902204,0.00013772766301430132,-4.3243412394643134e-06,0.00013340332177483701
4080,4140,0,0.0080832573567205523,-0.00027178261459855383,0.0078114747421219981,0.00013472095594534254,-4.5297102433092306e-06,0.0001301912457020333
4140,4200,0,0.0078732436143936768,-0.00028411493760389667,0.0075891286767897801,0.00013122072690656129,-4.7352489600649443e-06,0.00012648547794649634
4200,4260,0,0.0076574354461768079,-0.00029642575525751485,0.0073610096909192931,0.0001276239241029468,-4.9404292542919144e-06,0.0001226834948486549
4260,4320,0,0.0074664151245007471,-0.00030869568918645302,0.007157719435314294,0.00012444025207501244,-5.1449281531075508e-06,0.0001192953239219049
4320,4380,0,0.0072930109664630649,-0.00032091025553929176,0.0069721007109237731,0.00012155018277438441,-5.3485042589881958e-06,0.00011620167851539622
4380,4440,0,0.0071544345559466649,-0.00033305896046676668,0.0068213755954798982,0.00011924057593244441,-5.5509826744461114e-06,0.0001136895932579983
4440,4500,0,0.0070300639978898571,-0.00034513695181492571,0.0066849270460749314,0.00011716773329816428,-5.7522825302487616e-06,0.00011141545076791552
4500,4560,0,0.0068616620283561414,-0.00035712164427911548,0.0065045403840770259,0.00011436103380593568,-5.9520274046519247e-06,0.00010840900640128377
4560,4620,0,0.0066680575871087555,-0.00036898031202057223,0.0062990772750881833,0.00011113429311847926,-6.149671867009537e-06,0.00010498462125146973
4620,4680,0,0.0064913850520152971,-0.00038069605117114266,0.0061106890008441545,0.00010818975086692162,-6.3449341861857113e-06,0.00010184481668073591
4680,4740,0,0.0063484436081274742,-0.00039226597408722422,0.00595617763404025,0.00010580739346879124,-6.5377662347870702e-06,9.9269627234004171e-05
4740,4800,0,0.0062374331235579561,-0.00040369451053824668,0.0058337386130197094,0.00010395721872596594,-6.7282418423041113e-06,9.7228976883661825e-05
4800,4860,0,0.0061376581785222983,-0.00041498201109640542,0.0057226761674258929,0.00010229430297537165,-6.9163668516067573e-06,9.5377936123764882e-05
4860,4920,0,0.006038738979716296,-0.00042612401493044225,0.0056126149647858538,0.00010064564966193827,-7.1020669155073707e-06,9.3543582746430899e-05
4920,4980,0,0.0059162412697962852,-0.00043710805840621245,0.0054791332113900727,9.8604021163271419e-05,-7.2851343067702076e-06,9.1318886856501209e-05
4980,5040,0,0.0057778232864629242,-0.00044791486096536562,0.0053299084254975586,9.6297054774382068e-05,-7.4652476827560939e-06,8.8831807091625971e-05
5040,5100,0,0.0056290554864429909,-0.00045853347685377056,0.0051705220095892204,9.3817591440716511e-05,-7.6422246142295095e-06,8.6175366826487e-05
5100,5160,0,0.0054356800290448204,-0.0004689409765474984,0.004966739052497322,9.0594667150747007e-05,-7.8156829424583064e-06,8.2778984208288706e-05
5160,5220,0,0.005224476923887944,-0.00047910961320243167,0.0047453673106855124,8.7074615398132396e-05,-7.9851602200405283e-06,7.9089455178091875e-05
5220,5280,0,0.0050569614086846126,-0.00048903857777480436,0.0045679228309098083,8.4282690144743549e-05,-8.1506429629134066e-06,7.6132047181830134e-05
5280,5340,0,0.0049461796308805095,-0.00049875592565443855,0.0044474237052260709,8.2436327181341828e-05,-8.3125987609073099e-06,7.412372842043452e-05
5340,5400,0,0.0048297910509973452,-0.00050827426783971869,0.0043215167831576265,8.0496517516622421e-05,-8.4712377973286446e-06,7.2025279719293778e-05
5400,5460,0,0.0046967977135282668,-0.00051758071634018001,0.0041792169971880868,7.8279961892137786e-05,-8.6263452723363329e-06,6.9653616619801448e-05
5460,5520,0,0.004566435185277995,-0.00052667057884672568,0.0040397646064312693,7.6107253087966581e-05,-8.7778429807787609e-06,6.7329410107187825e-05
5520,5580,0,0.0044462847803832251,-0.00053554441268851248,0.0039107403676947126,7.410474633972042e-05,-8.9257402114752086e-06,6.5179006128245203e-05
5580,5640,0,0.0043513031716054806,-0.00054421500980954794,0.0038070881617959327,7.2521719526758005e-05,-9.0702501634924649e-06,6.3451469363265539e-05
5640,5700,0,0.0042488781105974871,-0.00055268870585474007,0.003696189404742747,7.0814635176624788e-05,-9.2114784309123347e-06,6.1603156745712451e-05
5700,5760,0,0.004129654835429486,-0.0005609560988065216,0.0035686987366229644,6.8827580590491438e-05,-9.349268313442026e-06,5.9478312277049409e-05
5760,5820,0,0.0040153940205018834,-0.00056901222468045028,0.0034463817958214332,6.6923233675031388e-05,-9.4835370780075038e-06,5.7439696597023889e-05
5820,5880,0,0.0039136047479001457,-0.00057686661000635672,0.003336738137893789,6.5226745798335756e-05,-9.6144435001059448e-06,5.5612302298229813e-05
5880,5940,0,0.0037886554895741886,-0.00058451694069555291,0.0032041385488786357,6.3144258159569816e-05,-9.7419490115925485e-06,5.3402309147977259e-05
5940,6000,0,0.0036412053493427576,-0.00059194451053508346,0.0030492608388076742,6.0686755822379294e-05,-9.8657418422513903e-06,5.0821013980127901e-05
6000,6060,0,0.003536344316624862,-0.00059915412734823717,0.0029371901892766249,5.8939071943747698e-05,-9.9859021224706194e-06,4.895316982127708e-05
6060,6120,0,0.0035065962528232353,-0.00060619577523319743,0.0029004004775900379,5.8443270880387256e-05,-1.0103262920553291e-05,4.8340007959833965e-05
6120,6180,0,0.0034841351388761321,-0.00061310530775880723,0.0028710298311173249,5.806891898126887e-05,-1.0218421795980121e-05,4.7850497185288746e-05
6180,6240,0,0.0034105897308028821,-0.00061986788286428479,0.0027907218479385973,5.6843162180048035e-05,-1.0331131381071414e-05,4.6512030798976621e-05
6240,6300,0,0.00331442618303468,-0.00062645304794671161,0.0026879731350879683,5.5240436383911333e-05,-1.0440884132445194e-05,4.4799552251466138e-05
6300,6360,0,0.0032482703120412237,-0.00063287093030998942,0.0026153993817312343,5.4137838534020398e-05,-1.0547848838499824e-05,4.358998969552057e-05
6360,6420,0,0.0031813811596601571,-0.00063913767207250671,0.0025422434875876504,5.3023019327669284e-05,-1.0652294534541778e-05,4.2370724793127509e-05
6420,6480,0,0.0030859606255319028,-0.00064524394217733635,0.0024407166833545664,5.1432677092198381e-05,-1.0754065702955606e-05,4.0678611389242773e-05
6480,6540,0,0.0029529213025489831,-0.0006511654557116997,0.0023017558468372834,4.9215355042483053e-05,-1.0852757595194995e-05,3.8362597447288056e-05
6540,6600,0,0.0027967131293745728,-0.00065687872517804918,0.0021398344041965237,4.6611885489576213e-05,-1.0947978752967486e-05,3.566390673660873e-05
6600,6660,0,0.0026740873529224052,-0.00066238578402878778,0.0020117015688936174,4.4568122548706755e-05,-1.1039763067146463e-05,3.3528359481560291e-05
6660,6720,0,0.002606197822466183,-0.00066773139321948602,0.001938466429246697,4.3436630374436382e-05,-1.1128856553658101e-05,3.2307773820778282e-05
6720,6780,0,0.0025212170542037171,-0.00067293334548348266,0.0018482837087202345,4.2020284236728617e-05,-1.1215555758058045e-05,3.0804728478670573e-05
6780,6840,0,0.002411158557985682,-0.00067797143939963417,0.0017331871185860478,4.0185975966428031e-05,-1.1299523989993903e-05,2.8886451976434131e-05
6840,6900,0,0.0023187160173528953,-0.00068284481705378416,0.0016358712002991112,3.8645266955881588e-05,-1.1380746950896404e-05,2.7264520004985186e-05
6900,6960,0,0.0022430985287432703,-0.00068757419110928794,0.0015555243376339824,3.7384975479054507e-05,-1.1459569851821466e-05,2.5925405627233038e-05
6960,7020,0,0.0021838202881582225,-0.00069217068504296222,0.0014916496031152603,3.6397004802637038e-05,-1.153617808404937e-05,2.486082671858767e-05
7020,7080,0,0.0021669689510952495,-0.00069666510112211671,0.0014703038499731327,3.6116149184920823e-05,-1.1611085018701946e-05,2.4505064166218878e-05
7080,7140,0,0.0021535927513948172,-0.0007010818969755972,0.00145251085441922,3.5893212523246956e-05,-1.1684698282926621e-05,2.4208514240320332e-05
7140,7200,0,0.0021096063356118577,-0.00070541169021876363,0.0014041946453930941,3.5160105593530964e-05,-1.1756861503646061e-05,2.34032440898849e-05
7200,7260,0,0.0020396453012234694,-0.0007096301164087708,0.0013300151848146986,3.399408835372449e-05,-1.1827168606812847e-05,2.2166919746911645e-05
7260,7320,0,0.0019726889370521583,-0.00071373126196013631,0.001258957675092022,3.2878148950869304e-05,-1.1895521032668938e-05,2.0982627918200366e-05
7320,7380,0,0.0019103838844078957,-0.00071772241298315859,0.0011926614714247372,3.1839731406798263e-05,-1.1962040216385977e-05,1.9877691190412285e-05
7380,7440,0,0.0018259818301962216,-0.00072160076016054842,0.0011043810700356732,3.0433030503270362e-05,-1.2026679336009139e-05,1.8406351167261221e-05
7440,7500,0,0.0017150989895063917,-0.0007253420149977291,0.00098975697450866262,2.8584983158439863e-05,-1.2089033583295484e-05,1.6495949575144377e-05
7500,7560,0,0.0016076769512007871,-0.00072894048588386523,0.0008787364653169219,2.6794615853346453e-05,-1.214900809806442e-05,1.4645607755282032e-05
7560,7620,0,0.001516358479738078,-0.00073240414708105467,0.00078395433265702336,2.5272641328967967e-05,-1.2206735784684245e-05,1.3065905544283722e-05
7620,7680,0,0.0014586716356749241,-0.0007357600558468777,0.00072291157982804638,2.4311193927915401e-05,-1.2262667597447962e-05,1.2048526330467439e-05
7680,7740,0,0.0013987358193441324,-0.00073902545333855846,0.00065971036600557392,2.3312263655735539e-05,-1.2317090888975974e-05,1.0995172766759565e-05
7740,7800,0,0.0013236883718410475,-0.00074219103037283241,0.00058149734146821508,2.2061472864017458e-05,-1.2369850506213874e-05,9.6916223578035854e-06
7800,7860,0,0.0012704475302915963,-0.00074525923698273711,0.00052518829330885919,2.1174125504859937e-05,-1.2420987283045619e-05,8.7531382218143203e-06
7860,7920,0,0.0012454644707358131,-0.00074826016570863491,0.00049720430502717822,2.075774117893022e-05,-1.2471002761810582e-05,8.2867384171196372e-06
7920,7980,0,0.0012415795741860247,-0.00075121266120769387,0.00049036691297833085,2.0692992903100411e-05,-1.2520211020128231e-05,8.1727818829721813e-06
7980,8040,0,0.0012666409943316026,-0.00075414730366892696,0.00051249369066267564,2.1110683238860043e-05,-1.2569121727815449e-05,8.5415615110445941e-06
8040,8100,0,0.0012596400220049597,-0.00075706520939180372,0.00050257481261315601,2.0994000366749328e-05,-1.2617753489863395e-05,8.3762468768859327e-06
8100,8160,0,0.0012210114523076854,-0.00075993418604641816,0.00046107726626126722,2.0350190871794756e-05,-1.2665569767440303e-05,7.684621104354454e-06
8160,8220,0,0.0011619664354199921,-0.00076273617532095217,0.00039923026009903995,1.9366107256999869e-05,-1.2712269588682535e-05,6.6538376683173328e-06
8220,8280,0,0.0011132466517127515,-0.00076546108983802097,0.00034778556187473053,1.8554110861879192e-05,-1.2757684830633682e-05,5.7964260312455085e-06
8280,8340,0,0.001109922939927066,-0.00076814485830591084,0.00034177808162115519,1.84987156654511e-05,-1.2802414305098514e-05,5.6963013603525866e-06
8340,8400,0,0.0011048902707329056,-0.00077080817211327979,0.00033408209861962579,1.8414837845548427e-05,-1.2846802868554663e-05,5.5680349769937633e-06
8400,8460,0,0.0010681436439321512,-0.00077343909941410272,0.00029470454451804851,1.7802394065535855e-05,-1.2890651656901712e-05,4.9117424086341418e-06
8460,8520,0,0.00099562323682600429,-0.00077600077260336908,0.00021962246422263521,1.6593720613766739e-05,-1.2933346210056151e-05,3.6603744037105867e-06
8520,8580,0,0.00094547726700200396,-0.00077848941267081445,0.00016698785433118951,1.5757954450033401e-05,-1.2974823544513574e-05,2.7831309055198252e-06
8580,8640,0,0.00093934316209964841,-0.0007809387535943485,0.00015840440850529991,1.5655719368327475e-05,-1.3015645893239141e-05,2.6400734750883319e-06
8640,8700,0,0.0009538012663391493,-0.00078338573491474467,0.00017041553142440463,1.5896687772319153e-05,-1.3056428915245745e-05,2.8402588570734105e-06
8700,8760,0,0.0009338964982726905,-0.00078582285790305961,0.00014807364036963089,1.5564941637878174e-05,-1.309704763171766e-05,2.4678940061605146e-06
8760,8820,0,0.00087468503713317158,-0.00078821414241356941,8.6470894719602176e-05,1.4578083952219527e-05,-1.313690237355949e-05,1.4411815786600362e-06
8820,8880,0,0.00079888777584125048,-0.00079053241880851916,8.3553570327313254e-06,1.3314796264020841e-05,-1.3175540313475319e-05,1.3925595054552208e-07
8880,8940,0,0.00074355667684988802,-0.00079278064365476131,-4.9223966804873287e-05,1.2392611280831467e-05,-1.3213010727579354e-05,-8.2039944674788807e-07
8940,9000,0,0.00071132321658218256,-0.00079498427251410014,-8.3661055931917583e-05,1.1855386943036376e-05,-1.3249737875235003e-05,-1.3943509321986263e-06
9000,9060,0,0.00066390470857280448,-0.00079714807345632188,-0.0001332433648835174,1.1065078476213409e-05,-1.3285801224272031e-05,-2.2207227480586233e-06
9060,9120,0,0.00063675292826881336,-0.00079926511063128231,-0.00016251218236246895,1.0612548804480223e-05,-1.3321085177188038e-05,-2.7085363727078157e-06
9120,9180,0,0.00068391746741691684,-0.00080139047243209249,-0.00011747300501517566,1.1398624456948614e-05,-1.3356507873868209e-05,-1.9578834169195944e-06
9180,9240,0,0.00071310839929616954,-0.00080355933472340407,-9.0450935427234536e-05,1.1885139988269492e-05,-1.3392655578723401e-05,-1.5075155904539088e-06
9240,9300,0,0.00068339042439147235,-0.00080572331293941868,-0.00012233288854794633,1.1389840406524539e-05,-1.3428721882323645e-05,-2.0388814757991056e-06
9300,9360,0,0.00063511344262756619,-0.00080784894703646304,-0.00017273550440889684,1.0585224043792769e-05,-1.3464149117274384e-05,-2.8789250734816139e-06
9360,9420,0,0.00059222225504373949,-0.00080992737018020095,-0.00021770511513646146,9.8703709173956582e-06,-1.3498789503003348e-05,-3.6284185856076909e-06
9420,9480,0,0.00057309494365631597,-0.00081197915737064863,-0.00023888421371433266,9.5515823942719336e-06,-1.3532985956177477e-05,-3.9814035619055445e-06
9480,9540,0,0.00056150958024037134,-0.00081401622876751956,-0.00025250664852714821,9.3584930040061891e-06,-1.3566937146125327e-05,-4.2084441421191365e-06
9540,9600,0,0.00057786472681553569,-0.00081605733220678489,-0.0002381926053912492,9.6310787802589275e-06,-1.3600955536779748e-05,-3.9698767565208201e-06
9600,9660,0,0.00060388826362900438,-0.00081812451936252861,-0.00021423625573352423,1.006480439381674e-05,-1.3635408656042144e-05,-3.5706042622254037e-06
9660,9720,0,0.00058828493566898121,-0.00082020440579486792,-0.00023191947012588671,9.8047489278163539e-06,-1.3670073429914465e-05,-3.8653245020981121e-06
9720,9780,0,0.00055143239466726168,-0.00082225586903245107,-0.00027082347436518939,9.1905399111210283e-06,-1.3704264483874185e-05,-4.5137245727531566e-06
9780,9840,0,0.00052521902515290098,-0.0008242857198015735,-0.00029906669464867253,8.7536504192150155e-06,-1.3738095330026225e-05,-4.9844449108112091e-06
9840,9900,0,0.0004518716167439818,-0.00082627331414034111,-0.00037440169739635931,7.5311936123996963e-06,-1.3771221902339019e-05,-6.2400282899393223e-06
9900,9960,0,0.00038170628274902807,-0.00082818889853043809,-0.00044648261578141002,6.3617713791504681e-06,-1.3803148308840635e-05,-7.4413769296901668e-06
9960,10020,0,0.0003584486402551379,-0.00083006505389746077,-0.00047161641364232287,5.9741440042522982e-06,-1.383441756495768e-05,-7.8602735607053817e-06
10020,10080,0,0.00037346518124836692,-0.00083194189210411551,-0.00045847671085574859,6.2244196874727816e-06,-1.3865698201735258e-05,-7.6412785142624767e-06
10080,10140,0,0.0004218990472720785,-0.000833858907158605,-0.0004119598598865265,7.0316507878679752e-06,-1.3897648452643416e-05,-6.8659976647754417e-06
10140,10200,0,0.00044163206606639971,-0.00083582085440916942,-0.00039418878834276971,7.3605344344399949e-06,-1.3930347573486157e-05,-6.5698131390461621e-06
10200,10260,0,0.00043857662766377814,-0.00083779260450930759,-0.00039921597684552945,7.3096104610629693e-06,-1.3963210075155127e-05,-6.6535996140921578e-06
10260,10320,0,0.00043044486428567286,-0.00083977005284349704,-0.00040932518855782418,7.1740810714278813e-06,-1.3996167547391618e-05,-6.8220864759637368e-06
10320,10380,0,0.00038748927862675142,-0.0008417284060856095,-0.00045423912745885808,6.45815464377919e-06,-1.4028806768093492e-05,-7.5706521243143015e-06
10380,10440,0,0.00033663014473883646,-0.0008436462231430214,-0.00050701607840418494,5.6105024123139407e-06,-1.4060770385717024e-05,-8.4502679734030826e-06
10440,10500,0,0.00031548040006690314,-0.00084553174565345224,-0.00053005134558654909,5.2580066677817191e-06,-1.4092195760890871e-05,-8.8341890931091522e-06
10500,10560,0,0.00030679606148309446,-0.00084741819922005968,-0.00054062213773696521,5.1132676913849075e-06,-1.4123636653667661e-05,-9.010368962282754e-06
10560,10620,0,0.00024010715048738973,-0.00084927546083510275,-0.00060916831034771302,4.0017858414564959e-06,-1.415459101391838e-05,-1.0152805172461884e-05
10620,10680,0,0.00017682180306899387,-0.00085106736955212203,-0.00067424556648312817,2.9470300511498979e-06,-1.4184456159202034e-05,-1.1237426108052135e-05
10680,10740,0,0.0001983263513392064,-0.00085284279592098833,-0.00065451644458178193,3.3054391889867735e-06,-1.4214046598683138e-05,-1.0908607409696365e-05
10740,10800,0,0.00028313704516014226,-0.0008546862739272354,-0.00057154922876709313,4.7189507526690376e-06,-1.4244771232120591e-05,-9.5258204794515522e-06
0,60,1,6.4618456757734727e-06,0,6.4618456757734727e-06,1.0769742792955787e-07,0,1.0769742792955787e-07
60,120,1,0.00016852917687816289,0,0.00016852917687816289,2.8088196146360479e-06,0,2.8088196146360479e-06
120,180,1,0.00063414259607631751,-1.5412671139358738e-14,0.00063414259606090482,1.0569043267938625e-05,-2.5687785232264562e-16,1.0569043267681747e-05
180,240,1,0.001257332616848815,-1.1036321856394694e-11,0.0012573326058124932,2.0955543614146917e-05,-1.8393869760657822e-13,2.0955543430208221e-05
240,300,1,0.0018524420475038699,-6.0187280159773593e-10,0.0018524414456310683,3.0874034125064499e-05,-1.0031213359962265e-11,3.0874024093851137e-05
300,360,1,0.0024954131063394287,-8.732832407210013e-09,0.0024954043735070214,4.1590218438990481e-05,-1.4554720678683354e-10,4.1590072891783694e-05
360,420,1,0.0032161955737454615,-5.8325168095230143e-08,0.0032161372485773661,5.3603259562424358e-05,-9.7208613492050231e-10,5.3602287476289436e-05
420,480,1,0.0038734894395026712,-2.3867579924952143e-07,0.0038732507637034216,6.4558157325044513e-05,-3.9779299874920234e-09,6.4554179395057029e-05
480,540,1,0.0044395939743839194,-7.0469484807489376e-07,0.0044388892795358447,7.3993232906398657e-05,-1.1744914134581562e-08,7.3981487992264079e-05
540,600,1,0.0049644913834432959,-1.6577787683352831e-06,0.004962833604674961,8.2741523057388268e-05,-2.7629646138921384e-08,8.2713893411249351e-05
600,660,1,0.0055298374714448581,-3.3108446217622319e-06,0.0055265266268230955,9.2163957857414308e-05,-5.5180743696037198e-08,9.2108777113718258e-05
660,720,1,0.0061226047754568691,-5.8557349336213487e-06,0.0061167490405232474,0.00010204341292428115,-9.7595582227022474e-08,0.00010194581734205412
720,780,1,0.0067026095763857985,-9.4426969699162869e-06,0.0066931668794158825,0.00011171015960642997,-1.5737828283193812e-07,0.00011155278132359804
780,840,1,0.007208505262892892,-1.4170514309039264e-05,0.007194334748583853,0.0001201417543815482,-2.3617523848398772e-07,0.00011990557914306422
840,900,1,0.0076548280606202612,-2.0086892065623861e-05,0.0076347411685546377,0.00012758046767700435,-3.3478153442706437e-07,0.0001272456861425773
900,960,1,0.0080125512395219506,-2.7192396050867991e-05,0.0079853588434710826,0.00013354252065869918,-4.5320660084779985e-07,0.00013308931405785137
960,1020,1,0.0083838418381733948,-3.5451011400056121e-05,0.008348390826773338,0.0001397306973028899,-5.9085019000093531e-07,0.00013913984711288896
1020,1080,1,0.0087383311463072044,-4.4802675310157155e-05,0.0086935284709970476,0.00014563885243845342,-7.4671125516928593e-07,0.00014489214118328412
1080,1140,1,0.009102494216838633,-5.5166869705364197e-05,0.0090473273471332692,0.00015170823694731056,-9.1944782842273657e-07,0.00015078878911888781
1140,1200,1,0.0095111741277404821,-6.6462076360207506e-05,0.0094447120513802742,0.00015851956879567471,-1.1077012726701252e-06,0.00015741186752300457
1200,1260,1,0.0098443225672109613,-7.8594287970570919e-05,0.0097657282792403908,0.00016407204278684936,-1.3099047995095154e-06,0.00016276213798733984
1260,1320,1,0.010103416839717688,-9.1463056434892798e-05,0.010011953783282795,0.00016839028066196148,-1.5243842739148801e-06,0.00016686589638804659
1320,1380,1,0.010363798061459123,-0.00010496771028441215,0.010258830351174711,0.00017272996769098539,-1.7494618380735358e-06,0.00017098050585291185
1380,1440,1,0.010668863613845281,-0.0001190301371462837,0.010549833476698998,0.00017781439356408802,-1.9838356191047285e-06,0.00017583055794498329
1440,1500,1,0.010886958214571779,-0.00013356140530728928,0.010753396809264491,0.00018144930357619633,-2.2260234217881545e-06,0.00017922328015440816
1500,1560,1,0.010983330736941299,-0.00014846010315219815,0.010834870633789101,0.00018305551228235499,-2.4743350525366359e-06,0.00018058117722981836
1560,1620,1,0.01104735095026052,-0.00016362663179814434,0.010883724318462375,0.00018412251583767533,-2.7271105299690723e-06,0.00018139540530770625
1620,1680,1,0.011123967208379021,-0.00017899419063518453,0.010944973017743836,0.00018539945347298368,-2.9832365105864087e-06,0.00018241621696239726
1680,1740,1,0.011173314214330543,-0.00019448574127092777,0.010978828473059615,0.00018622190357217572,-3.2414290211821296e-06,0.00018298047455099359
1740,1800,1,0.011322474049945019,-0.00021006124560349056,0.011112412804341529,0.000188707900832417,-3.5010207600581759e-06,0.00018520688007235884
1800,1860,1,0.011519805244922493,-0.00022570542898465149,0.011294099815937842,0.00019199675408204154,-3.7617571497441917e-06,0.00018823499693229736
1860,1920,1,0.011677027022264891,-0.00024137351790918279,0.011435653504355709,0.00019461711703774818,-4.0228919651530466e-06,0.00019059422507259515
1920,1980,1,0.011713877426773461,-0.00025700131763423638,0.011456876109139225,0.00019523129044622436,-4.2833552939039399e-06,0.00019094793515232042
1980,2040,1,0.01164762469561581,-0.00027249323289108875,0.011375131462724722,0.0001941270782602635,-4.5415538815181459e-06,0.00018958552437874535
2040,2100,1,0.011630239402099618,-0.00028782369257300544,0.011342415709526613,0.00019383732336832697,-4.7970615428834238e-06,0.00018904026182544353
2100,2160,1,0.011596864047916711,-0.00030297439704365632,0.011293889650873055,0.00019328106746527852,-5.0495732840609389e-06,0.00018823149418121759
2160,2220,1,0.01152010168829104,-0.0003178935005308664,0.011202208187760174,0.00019200169480485066,-5.2982250088477737e-06,0.00018670346979600289
2220,2280,1,0.01150005850798147,-0.00033257287539969517,0.011167485632581775,0.00019166764179969116,-5.5428812566615858e-06,0.00018612476054302959
2280,2340,1,0.011490118254791792,-0.00034702475490525075,0.011143093499886542,0.00019150197091319653,-5.7837459150875129e-06,0.00018571822499810904
2340,2400,1,0.011478915832753067,-0.00036122069427559599,0.011117695138477471,0.00019131526387921777,-6.0203449045932661e-06,0.00018529491897462452
2400,2460,1,0.011474740872036093,-0.00037517385418638083,0.011099567017849712,0.00019124568120060156,-6.252897569773014e-06,0.00018499278363082853
2460,2520,1,0.011452854642741872,-0.00038885372445777219,0.011064000918284099,0.00019088091071236453,-6.4808954076295361e-06,0.00018440001530473497
2520,2580,1,0.011433720096054145,-0.00040227384481391053,0.011031446251240234,0.00019056200160090243,-6.7045640802318425e-06,0.00018385743752067057
2580,2640,1,0.011301627673783843,-0.00041536802238975861,0.010886259651394083,0.00018836046122973072,-6.9228003731626435e-06,0.00018143766085656807
2640,2700,1,0.011193041095711898,-0.00042810299797265729,0.01076493809773924,0.00018655068492853162,-7.1350499662109549e-06,0.00017941563496232067
2700,2760,1,0.011158436851897935,-0.00044056144429533914,0.010717875407602596,0.00018597394753163226,-7.3426907382556524e-06,0.00017863125679337661
2760,2820,1,0.01101650732792725,-0.00045269207343649753,0.010563815254490752,0.00018360845546545415,-7.5448678906082922e-06,0.00017606358757484586
2820,2880,1,0.010799062161807649,-0.00046440397525221704,0.010334658186555431,0.0001799843693634608,-7.7400662542036178e-06,0.00017224430310925718
2880,2940,1,0.010663456919445813,-0.00047574143097000969,0.010187715488475803,0.00017772428199076354,-7.9290238495001622e-06,0.00016979525814126339
2940,3000,1,0.010514204381671277,-0.00048675343347274677,0.01002745094819853,0.00017523673969452129,-8.1125572245457796e-06,0.00016712418246997551
3000,3060,1,0.01029026225321461,-0.00049734847710982723,0.0097929137761047832,0.00017150437088691016,-8.2891412851637879e-06,0.00016321522960174639
3060,3120,1,0.01009174683187708,-0.000507551205084774,0.0095841956267923058,0.00016819578053128465,-8.4591867514129008e-06,0.00015973659377987176
3120,3180,1,0.010011346028897972,-0.00051744133187905765,0.009493904697018914,0.00016685576714829952,-8.6240221979842945e-06,0.00015823174495031524
3180,3240,1,0.010006860017901353,-0.00052715776282343495,0.0094797022550779184,0.00016678100029835589,-8.785962713723915e-06,0.00015799503758463196
3240,3300,1,0.0099133101771672893,-0.00053661685314680165,0.0093766933240204877,0.0001652218362861215,-8.9436142191133612e-06,0.00015627822206700813
3300,3360,1,0.0097959720402044925,-0.00054578425311454723,0.0092501877870899453,0.00016326620067007487,-9.0964042185757873e-06,0.00015416979645149908
3360,3420,1,0.0096190848850135069,-0.00055463468916096097,0.0090644501958525459,0.00016031808141689179,-9.2439114860160158e-06,0.00015107416993087578
3420,3480,1,0.0094090775322702713,-0.00056311752845805696,0.0088459600038122144,0.0001568179588711712,-9.3852921409676153e-06,0.00014743266673020357
3480,3540,1,0.0091738983735466517,-0.00057124888820443871,0.008602649485342213,0.00015289830622577754,-9.5208148034073119e-06,0.00014337749142237022
3540,3600,1,0.0089072575136045495,-0.00057897880167507611,0.0083282787119294734,0.00014845429189340917,-9.6496466945846019e-06,0.00013880464519882456
3600,3660,1,0.0087765321976533972,-0.00058643702124783204,0.0081900951764055652,0.00014627553662755662,-9.7739503541305346e-06,0.00013650158627342607
3660,3720,1,0.0086958047695049334,-0.00059375652626037466,0.0081020482432445588,0.00014493007949174889,-9.8959421043395779e-06,0.00013503413738740931
3720,3780,1,0.0085555771372324285,-0.00060084544266576084,0.0079547316945666677,0.00014259295228720713,-1.0014090711096015e-05,0.00013257886157611113
3780,3840,1,0.0084446390282372219,-0.00060772764421688358,0.0078369113840203383,0.0001407439838039537,-1.0128794070281392e-05,0.00013061518973367232
3840,3900,1,0.0083178310318814397,-0.00061442464458674392,0.0077034063872946958,0.00013863051719802398,-1.02404107431124e-05,0.0001283901064549116
3900,3960,1,0.0081346281444016899,-0.00062086650612631911,0.0075137616382753708,0.00013557713574002817,-1.0347775102105318e-05,0.00012522936063792285
3960,4020,1,0.0079437241490071253,-0.00062704577973798567,0.0073166783692691396,0.00013239540248345208,-1.0450762995633095e-05,0.00012194463948781899
4020,4080,1,0.0077242832868366085,-0.0006329628616231521,0.0070913204252134564,0.00012873805478061013,-1.0549381027052536e-05,0.00011818867375355761
4080,4140,1,0.0074504419313299319,-0.00063855298207623687,0.0068118889492536951,0.0001241740321888322,-1.0642549701270614e-05,0.00011353148248756159
4140,4200,1,0.0072545097259091307,-0.00064388341440581656,0.0066106263115033141,0.00012090849543181885,-1.0731390240096943e-05,0.0001101771051917219
4200,4260,1,0.0071163803003703174,-0.00064910280608512783,0.0064672774942851896,0.00011860633833950529,-1.0818380101418797e-05,0.0001077879582380865
4260,4320,1,0.0069689481862498237,-0.00065416206893735562,0.0063147861173124681,0.00011614913643749706,-1.0902701148955927e-05,0.00010524643528854113
4320,4380,1,0.0069166917071877831,-0.00065917592403851033,0.0062575157831492728,0.00011527819511979638,-1.0986265400641838e-05,0.00010429192971915455
4380,4440,1,0.0067840927147441166,-0.00066412434016731303,0.0061199683745768035,0.00011306821191240194,-1.1068739002788551e-05,0.00010199947290961339
4440,4500,1,0.0065037573068252863,-0.0006687374216854218,0.0058350198851398645,0.00010839595511375478,-1.114562369475703e-05,9.7250331418997747e-05
4500,4560,1,0.0062954323173959326,-0.00067310153132798048,0.0056223307860679521,0.00010492387195659888,-1.1218358855466342e-05,9.370551310113253e-05
4560,4620,1,0.0061686674006929954,-0.00067739189933584826,0.0054912755013571471,0.00010281112334488326,-1.1289864988930805e-05,9.1521258355952456e-05
4620,4680,1,0.0060980828717451807,-0.00068166315037233166,0.005416419721372849,0.00010163471452908634,-1.1361052506205528e-05,9.0273662022880818e-05
4680,4740,1,0.0060355790921158281,-0.00068595468380217711,0.005349624408313651,0.00010059298486859713,-1.1432578063369619e-05,8.9160406805227518e-05
4740,4800,1,0.0059475544480417364,-0.00069018612897737974,0.0052573683190643566,9.9125907467362279e-05,-1.1503102149622995e-05,8.7622805317739275e-05
4800,4860,1,0.0058438870739094817,-0.00069436227461226047,0.0051495247992972212,9.7398117898491363e-05,-1.1572704576871007e-05,8.582541332162035e-05
4860,4920,1,0.005658681993371828,-0.00069836727720949676,0.0049603147161623312,9.4311366556197137e-05,-1.1639454620158279e-05,8.2671911936038858e-05
4920,4980,1,0.0055142037421440637,-0.00070221852480945035,0.0048119852173346134,9.1903395702401067e-05,-1.1703642080157505e-05,8.0199753622243558e-05
4980,5040,1,0.0053337717702482967,-0.00070597829712383195,0.0046277934731244648,8.8896196170804939e-05,-1.1766304952063866e-05,7.7129891218741085e-05
5040,5100,1,0.0050416481643299482,-0.00070941219936648814,0.0043322359649634601,8.4027469405499131e-05,-1.1823536656108136e-05,7.2203932749391003e-05
5100,5160,1,0.0048259177188466618,-0.00071263533237132803,0.0041132823864753337,8.04319619807777e-05,-1.1877255539522134e-05,6.8554706441255559e-05
5160,5220,1,0.0047820660156675521,-0.00071591436033004163,0.0040661516553375104,7.9701100261125873e-05,-1.1931906005500694e-05,6.776919425562517e-05
5220,5280,1,0.0047615576081206923,-0.00071936412796614474,0.0040421934801545475,7.9359293468678202e-05,-1.1989402132769078e-05,6.7369891335909132e-05
5280,5340,1,0.0045901527651214247,-0.00072268299518811474,0.0038674697699333099,7.6502546085357076e-05,-1.2044716586468579e-05,6.4457829498888505e-05
5340,5400,1,0.0044436996712010624,-0.0007258444299722,0.0037178552412288624,7.4061661186684377e-05,-1.2097407166203334e-05,6.1964254020481033e-05
5400,5460,1,0.004318589223880398,-0.00072898146819521531,0.0035896077556851827,7.1976487064673306e-05,-1.2149691136586923e-05,5.9826795928086378e-05
5460,5520,1,0.0042322247947160774,-0.00073207104933883244,0.0035001537453772449,7.0537079911934619e-05,-1.2201184155647207e-05,5.8335895756287419e-05
5520,5580,1,0.0041823384825691035,-0.00073525505927356932,0.0034470834232955341,6.9705641376151731e-05,-1.2254250987892823e-05,5.7451390388258899e-05
5580,5640,1,0.0040442837706355927,-0.00073834296851875425,0.0033059408021168385,6.7404729510593217e-05,-1.2305716141979238e-05,5.5099013368613978e-05
5640,5700,1,0.0038953109267277908,-0.00074130573529171406,0.0031540051914360767,6.4921848778796512e-05,-1.2355095588195234e-05,5.2566753190601276e-05
5700,5760,1,0.0038116363764303385,-0.00074424083943289837,0.0030673955369974401,6.3527272940505636e-05,-1.2404013990548307e-05,5.1123258949957334e-05
5760,5820,1,0.003726410527159274,-0.00074721434117408503,0.002979196185985189,6.2106842119321234e-05,-1.2453572352901418e-05,4.9653269766419815e-05
5820,5880,1,0.0035358866438838232,-0.00075001640687662186,0.0027858702370072014,5.893144406473039e-05,-1.2500273447943698e-05,4.6431170616786686e-05
5880,5940,1,0.0033571709119353255,-0.00075263092311223662,0.0026045399888230888,5.5952848532255421e-05,-1.2543848718537276e-05,4.3408999813718147e-05
5940,6000,1,0.0033813982445459745,-0.0007553729117314445,0.00262602533281453,5.6356637409099576e-05,-1.2589548528857408e-05,4.3767088880242165e-05
6000,6060,1,0.0034838553388717441,-0.00075847652934055848,0.0027253788095311857,5.8064255647862402e-05,-1.2641275489009309e-05,4.5422980158853095e-05
6060,6120,1,0.0034265525730198254,-0.00076159726615140227,0.0026649553068684231,5.7109209550330421e-05,-1.2693287769190039e-05,4.4415921781140384e-05
6120,6180,1,0.0032324060728416981,-0.00076447006153440578,0.0024679360113072923,5.3873434547361633e-05,-1.2741167692240096e-05,4.1132266855121542e-05
6180,6240,1,0.0031390608148503807,-0.00076720347280353346,0.0023718573420468472,5.2317680247506342e-05,-1.2786724546725557e-05,3.9530955700780784e-05
6240,6300,1,0.0031416607109008288,-0.00077012098401685325,0.0023715397268839755,5.2361011848347148e-05,-1.283534973361422e-05,3.9525662114732926e-05
6300,6360,1,0.0030486423410838182,-0.00077299613490657004,0.0022756462061772481,5.0810705684730299e-05,-1.28832689151095e-05,3.7927436769620801e-05
6360,6420,1,0.002891695087444246,-0.00077571105670425078,0.0021159840307399952,4.8194918124070768e-05,-1.2928517611737513e-05,3.526640051233325e-05
6420,6480,1,0.0026918229231119861,-0.00077819985657596319,0.0019136230665360229,4.4863715385199769e-05,-1.2969997609599386e-05,3.1893717775600384e-05
6480,6540,1,0.0025017496954297114,-0.00078049897857587064,0.0017212507168538407,4.1695828257161857e-05,-1.3008316309597845e-05,2.8687511947564011e-05
6540,6600,1,0.0024872550627283996,-0.0007828607269863147,0.0017043943357420849,4.1454251045473329e-05,-1.3047678783105245e-05,2.8406572262368083e-05
6600,6660,1,0.0025040484664332618,-0.00078548686229667347,0.0017185616041365884,4.1734141107221032e-05,-1.3091447704944558e-05,2.8642693402276472e-05
6660,6720,1,0.0023444756118455867,-0.00078794352476442564,0.0015565320870811611,3.9074593530759777e-05,-1.3132392079407094e-05,2.5942201451352683e-05
6720,6780,1,0.0022031557492874221,-0.00079021897322967966,0.0014129367760577424,3.6719262488123704e-05,-1.317031622049466e-05,2.3548946267629042e-05
6780,6840,1,0.0021705212845218869,-0.00079255874935807435,0.0013779625351638125,3.617535474203145e-05,-1.3209312489301239e-05,2.2966042252730208e-05
6840,6900,1,0.0021046964817666991,-0.00079495983817420152,0.0013097366435924976,3.5078274696111654e-05,-1.3249330636236692e-05,2.1828944059874961e-05
6900,6960,1,0.0020909318202178007,-0.00079736302265086267,0.001293568797566938,3.484886367029668e-05,-1.3289383710847712e-05,2.1559479959448966e-05
6960,7020,1,0.0021540538823657807,-0.00080002015023872275,0.0013540337321270579,3.5900898039429677e-05,-1.3333669170645379e-05,2.2567228868784299e-05
7020,7080,1,0.002120460594029816,-0.00080269720862634342,0.0013177633854034726,3.5341009900496932e-05,-1.3378286810439058e-05,2.1962723090057876e-05
7080,7140,1,0.0020068380863765833,-0.00080524056665592231,0.001201597519720661,3.3447301439609724e-05,-1.3420676110932039e-05,2.0026625328677685e-05
7140,7200,1,0.0019052960394664309,-0.00080764343898562935,0.0010976526004808015,3.175493399110718e-05,-1.3460723983093822e-05,1.8294210008013358e-05
7200,7260,1,0.0018563698071569767,-0.00081007106518754535,0.0010462987419694314,3.0939496785949613e-05,-1.3501184419792422e-05,1.743831236615719e-05
7260,7320,1,0.001803139064113668,-0.00081250307929709581,0.00099063598481657217,3.00523177352278e-05,-1.354171798828493e-05,1.651059974694287e-05
7320,7380,1,0.0016557376458304907,-0.00081480803521438022,0.00084092961061611043,2.7595627430508176e-05,-1.358013392023967e-05,1.4015493510268508e-05
7380,7440,1,0.0015147482746925567,-0.0008168957293003265,0.00069785254539223018,2.5245804578209276e-05,-1.3614928821672109e-05,1.1630875756537169e-05
7440,7500,1,0.0014195441491818839,-0.00081898120004992442,0.00060056294913195946,2.3659069153031397e-05,-1.364968666749874e-05,1.0009382485532657e-05
7500,7560,1,0.0013701892529730531,-0.00082104831848144738,0.00054914093449160567,2.2836487549550885e-05,-1.3684138641357456e-05,9.1523489081934272e-06
7560,7620,1,0.0013732175463430085,-0.00082327719672516814,0.00054994034961784038,2.2886959105716807e-05,-1.3721286612086135e-05,9.1656724936306739e-06
7620,7680,1,0.0012853691501097941,-0.00082545066030828562,0.00045991848980150851,2.1422819168496567e-05,-1.3757511005138093e-05,7.6653081633584755e-06
7680,7740,1,0.0011831734446833275,-0.00082750095723116424,0.00035567248745216329,1.971955741138879e-05,-1.3791682620519404e-05,5.9278747908693885e-06
7740,7800,1,0.0011983330681740734,-0.00082963595939793133,0.00036869710877614204,1.9972217802901224e-05,-1.3827265989965522e-05,6.1449518129357009e-06
7800,7860,1,0.0012037689834216714,-0.00083193746037392435,0.00037183152304774703,2.0062816390361189e-05,-1.3865624339565406e-05,6.1971920507957835e-06
7860,7920,1,0.0012493722535477092,-0.00083429467470926,0.0004150775788384492,2.0822870892461819e-05,-1.3904911245154333e-05,6.9179596473074869e-06
7920,7980,1,0.0013169377603011734,-0.00083690086746265879,0.00048003689283851458,2.1948962671686223e-05,-1.3948347791044314e-05,8.0006148806419094e-06
7980,8040,1,0.0012188531197719898,-0.00083935253789926834,0.00037950058187272151,2.0314218662866499e-05,-1.3989208964987806e-05,6.325009697878692e-06
8040,8100,1,0.0011466438866848394,-0.00084165939059814565,0.00030498449608669376,1.9110731444747322e-05,-1.4027656509969094e-05,5.0830749347782289e-06
8100,8160,1,0.00104117159293593,-0.0008438965320552716,0.00019727506088065838,1.7352859882265499e-05,-1.4064942200921194e-05,3.2879176813443062e-06
8160,8220,1,0.0010483605621562919,-0.0008461065124535927,0.00020225404970269922,1.7472676035938199e-05,-1.4101775207559878e-05,3.3709008283783203e-06
8220,8280,1,0.0011179022028391383,-0.00084862436301530453,0.0002692778398238338,1.8631703380652305e-05,-1.4143739383588409e-05,4.4879639970638966e-06
8280,8340,1,0.0010929981953560208,-0.00085109245665580813,0.0002419057387002127,1.8216636589267014e-05,-1.4184874277596803e-05,4.0317623116702117e-06
8340,8400,1,0.00097979817732118946,-0.00085344505616956334,0.00012635312115162611,1.6329969622019824e-05,-1.4224084269492722e-05,2.1058853525271021e-06
8400,8460,1,0.0008609961390738663,-0.00085554114349352395,5.4549955803423478e-06,1.4349935651231106e-05,-1.4259019058225399e-05,9.0916593005705798e-08
8460,8520,1,0.00087351789157941173,-0.00085776051573130396,1.5757375848107769e-05,1.4558631526323529e-05,-1.4296008595521733e-05,2.6262293080179614e-07
8520,8580,1,0.00095223247071063444,-0.00086017711214143866,9.2055358569195778e-05,1.5870541178510573e-05,-1.433628520235731e-05,1.534255976153263e-06
8580,8640,1,0.00097807745067490792,-0.00086274638614250443,0.00011533106453240349,1.6301290844581798e-05,-1.4379106435708407e-05,1.9221844088733915e-06
8640,8700,1,0.00087886010257032243,-0.00086512630172184968,1.3733800848472755e-05,1.4647668376172041e-05,-1.4418771695364162e-05,2.2889668080787924e-07
8700,8760,1,0.00075690523712490521,-0.00086731064754987097,-0.00011040541042496577,1.2615087285415087e-05,-1.4455177459164516e-05,-1.8400901737494293e-06
8760,8820,1,0.00066686396385939872,-0.00086937256052087297,-0.00020250859666147425,1.1114399397656645e-05,-1.4489542675347882e-05,-3.3751432776912376e-06
8820,8880,1,0.00066487574464002552,-0.0008715066461250226,-0.00020663090148499708,1.1081262410667092e-05,-1.4525110768750377e-05,-3.4438483580832848e-06
8880,8940,1,0.00066715892939517296,-0.00087375237034069408,-0.00020659344094552112,1.111931548991955e-05,-1.4562539505678234e-05,-3.4432240157586852e-06
8940,9000,1,0.00056494695057018873,-0.00087587835478709908,-0.00031093140421691035,9.4157825095031449e-06,-1.4597972579784984e-05,-5.1821900702818391e-06
9000,9060,1,0.0006117847685513933,-0.00087802327716735018,-0.00026623850861595688,1.0196412809189888e-05,-1.4633721286122503e-05,-4.4373084769326143e-06
9060,9120,1,0.00079931635938257362,-0.00088065951251886654,-8.1343153136292923e-05,1.3321939323042893e-05,-1.4677658541981109e-05,-1.3557192189382155e-06
9120,9180,1,0.00073107428679797248,-0.00088325317141002557,-0.00015217888461205309,1.2184571446632874e-05,-1.4720886190167093e-05,-2.5363147435342182e-06
9180,9240,1,0.0006142837048398464,-0.00088550024653184789,-0.00027121654169200149,1.0238061747330774e-05,-1.4758337442197465e-05,-4.5202756948666916e-06
9240,9300,1,0.00054466081546822309,-0.00088771744352654502,-0.00034305662805832193,9.0776802578037184e-06,-1.4795290725442418e-05,-5.7176104676386985e-06
9300,9360,1,0.00053185917211462375,-0.00088990000495808852,-0.00035804083284346477,8.8643195352437289e-06,-1.4831666749301475e-05,-5.9673472140577465e-06
9360,9420,1,0.00054594279168695969,-0.00089224370964556543,-0.00034630091795860574,9.0990465281159942e-06,-1.4870728494092758e-05,-5.7716819659767627e-06
9420,9480,1,0.00054510693377951558,-0.00089456171340125679,-0.00034945477962174121,9.0851155629919255e-06,-1.4909361890020947e-05,-5.8242463270290203e-06
9480,9540,1,0.00061700552608401349,-0.00089706270226941331,-0.00028005717618539983,1.0283425434733559e-05,-1.4951045037823556e-05,-4.6676196030899973e-06
9540,9600,1,0.00065017556998481218,-0.00089965801671955392,-0.00024948244673474174,1.083625949974687e-05,-1.4994300278659231e-05,-4.1580407789123622e-06
9600,9660,1,0.0005297833135745611,-0.00090207057363694831,-0.00037228726006238722,8.8297218929093514e-06,-1.5034509560615805e-05,-6.204787667706454e-06
9660,9720,1,0.00049693567669062411,-0.00090430804178470714,-0.00040737236509408303,8.2822612781770687e-06,-1.5071800696411785e-05,-6.7895394182347175e-06
9720,9780,1,0.00048364929633892828,-0.00090670966283883103,-0.00042306036649990275,8.0608216056488047e-06,-1.5111827713980518e-05,-7.0510061083317121e-06
9780,9840,1,0.0003030718818552991,-0.0009087662733428814,-0.00060569439148758231,5.0511980309216513e-06,-1.5146104555714689e-05,-1.0094906524793039e-05
9840,9900,1,0.0002817054119390594,-0.00091076284162233678,-0.00062905742968327738,4.695090198984323e-06,-1.5179380693705612e-05,-1.048429049472129e-05
9900,9960,1,0.00033653251318976896,-0.00091301616814046249,-0.00057648365495069354,5.6088752198294822e-06,-1.5216936135674375e-05,-9.6080609158448918e-06
9960,10020,1,0.00041386124102404942,-0.00091541172745768229,-0.00050155048643363287,6.8976873504008237e-06,-1.5256862124294705e-05,-8.3591747738938817e-06
10020,10080,1,0.00051412620032442735,-0.00091805754677876106,-0.00040393134645433371,8.5687700054071225e-06,-1.5300959112979351e-05,-6.7321891075722284e-06
10080,10140,1,0.00044673907359205067,-0.00092059692876729493,-0.00047385785517524426,7.4456512265341775e-06,-1.5343282146121583e-05,-7.8976309195874051e-06
10140,10200,1,0.00043576700186653827,-0.00092299832424701245,-0.00048723132238047417,7.2627833644423049e-06,-1.5383305404116874e-05,-8.120522039674569e-06
10200,10260,1,0.00040876775676268462,-0.00092548889680760249,-0.00051672114004491787,6.8127959460447434e-06,-1.5424814946793374e-05,-8.6120190007486316e-06
10260,10320,1,0.00030554369653845725,-0.00092772876035933372,-0.00062218506382087646,5.0923949423076206e-06,-1.5462146005988894e-05,-1.0369751063681275e-05
10320,10380,1,0.00024878034488307055,-0.00092992496637449296,-0.00068114462149142241,4.1463390813845091e-06,-1.5498749439574882e-05,-1.1352410358190373e-05
10380,10440,1,0.0003058930167738616,-0.00093221984367042321,-0.00062632682689656161,5.0982169462310266e-06,-1.5536997394507054e-05,-1.0438780448276027e-05
10440,10500,1,0.00028933326617419652,-0.00093466663294011765,-0.00064533336676592112,4.8222211029032758e-06,-1.5577777215668628e-05,-1.0755556112765353e-05
10500,10560,1,0.00010274908793672655,-0.00093670003178868144,-0.0008339509438519549,1.7124847989454425e-06,-1.5611667196478025e-05,-1.3899182397532582e-05
10560,10620,1,8.4246971390200542e-05,-0.00093867573949825422,-0.00085442876810805368,1.4041161898366756e-06,-1.5644595658304238e-05,-1.4240479468467561e-05
10620,10680,1,0.00027401354941380962,-0.00094110210625847346,-0.00066708855684466384,4.5668924902301599e-06,-1.5685035104307891e-05,-1.1118142614077731e-05
10680,10740,1,0.00043625769570609929,-0.00094394790259184902,-0.00050769020688574973,7.270961595101655e-06,-1.5732465043197484e-05,-8.4615034480958282e-06
10740,10800,1,0.00044431814051848484,-0.00094676145246233578,-0.00050244331194385095,7.4053023419747477e-06,-1.577935754103893e-05,-8.3740551990641829e-06
0,60,2,0.0024647559346708744,-0.016904450720389916,-0.014439694785719041,4.1079265577847905e-05,-0.00028174084533983193,-0.00024066157976198403
60,120,2,0.0050272857544569503,-0.0073300680338257325,-0.0023027822793687822,8.3788095907615838e-05,-0.00012216780056376221,-3.8379704656146367e-05
120,180,2,0.0058959271822220044,-0.0057323208738389309,0.00016360630838307359,9.8265453037033406e-05,-9.5538681230648842e-05,2.7267718063845596e-06
180,240,2,0.0058432125238507236,-0.0049009989440471809,0.00094221357980354276,9.7386875397512067e-05,-8.1683315734119687e-05,1.570355966339238e-05
240,300,2,0.008086594620300272,-0.0043486176602355181,0.0037379769600647539,0.00013477657700500454,-7.2476961003925297e-05,6.2299616001079228e-05
300,360,2,0.0083526912877970524,-0.0039456761045671002,0.0044070151832299523,0.00013921152146328421,-6.576126840945167e-05,7.3450253053832537e-05
360,420,2,0.0087282762436085501,-0.0036410968327828114,0.0050871794108257387,0.00014547127072680918,-6.0684947213046859e-05,8.4786323513762313e-05
420,480,2,0.0081965894623637833,-0.0034006981923571239,0.0047958912700066594,0.00013660982437272971,-5.6678303205952067e-05,7.9931521166777653e-05
480,540,2,0.0093536276994849316,-0.0031938685128173466,0.0061597591866675849,0.00015589379499141552,-5.3231141880289112e-05,0.00010266265311112642
540,600,2,0.0097737326626527107,-0.0030106699698204051,0.0067630626928323057,0.00016289554437754519,-5.0177832830340083e-05,0.00011271771154720509
600,660,2,0.010996216802723252,-0.0028473673660473972,0.0081488494366758549,0.00018327028004538754,-4.7456122767456622e-05,0.00013581415727793091
660,720,2,0.010660149556310464,-0.0027066783539598516,0.0079534712023506121,0.00017766915927184106,-4.5111305899330859e-05,0.00013255785337251021
720,780,2,0.011106524013530683,-0.0025836355607688419,0.0085228884527618412,0.00018510873355884471,-4.30605926794807e-05,0.00014204814087936401
780,840,2,0.01069470862362816,-0.0024734083520204231,0.0082213002716077371,0.00017824514372713601,-4.1223472533673718e-05,0.00013702167119346227
840,900,2,0.010615915062926279,-0.0023790978840136923,0.0082368171789125866,0.00017693191771543798,-3.9651631400228207e-05,0.00013728028631520978
900,960,2,0.011630259387896968,-0.0022821665548070497,0.0093480928330899188,0.00019383765646494947,-3.8036109246784158e-05,0.00015580154721816532
960,1020,2,0.010940899227829398,-0.0021974999319192695,0.0087433992959101287,0.00018234832046382329,-3.6624998865321158e-05,0.00014572332159850214
1020,1080,2,0.012569292531493803,-0.0021074440538056405,0.010461848477688163,0.00020948820885823005,-3.5124067563427344e-05,0.00017436414129480272
1080,1140,2,0.012228638493179539,-0.0020241119039285937,0.010204526589250945,0.00020381064155299231,-3.3735198398809894e-05,0.00017007544315418243
1140,1200,2,0.012331171545045649,-0.0019534566169384093,0.01037771492810724,0.00020551952575076083,-3.255761028230682e-05,0.00017296191546845401
1200,1260,2,0.011614864828961596,-0.0018942069200906381,0.0097206579088709583,0.00019358108048269328,-3.1570115334843968e-05,0.00016201096514784931
1260,1320,2,0.012946566202314574,-0.0018268175557290822,0.011119748646585492,0.00021577610337190957,-3.0446959262151371e-05,0.0001853291441097582
1320,1380,2,0.012741270203145943,-0.0017570491095671298,0.010984221093578814,0.00021235450338576574,-2.9284151826118829e-05,0.00018307035155964689
1380,1440,2,0.012300229311505262,-0.001708749655547348,0.010591479655957914,0.00020500382185842104,-2.8479160925789133e-05,0.0001765246609326319
1440,1500,2,0.011193280316994042,-0.0016703236776014208,0.0095229566393926213,0.00018655467194990071,-2.7838727960023679e-05,0.00015871594398987702
1500,1560,2,0.012038910342789005,-0.0016245987252584138,0.010414311617530592,0.00020064850571315009,-2.7076645420973563e-05,0.00017357186029217652
1560,1620,2,0.011378469465893271,-0.0015804404049762494,0.0097980290609170212,0.00018964115776488785,-2.6340673416270825e-05,0.00016330048434861703
1620,1680,2,0.011730427872646998,-0.001540749235647218,0.01018967863699978,0.0001955071312107833,-2.5679153927453634e-05,0.00016982797728332967
1680,1740,2,0.012935040423648458,-0.0014845890282327162,0.011450451395415742,0.00021558400706080764,-2.4743150470545271e-05,0.00019084085659026238
1740,1800,2,0.012759368318493391,-0.0014344871271669557,0.011324881191326436,0.00021265613864155652,-2.3908118786115928e-05,0.00018874801985544059
1800,1860,2,0.012830112587774001,-0.0013934281826825934,0.011436684405091407,0.00021383520979623334,-2.322380304470989e-05,0.00019061140675152345
1860,1920,2,0.011198062626284755,-0.0013677574526873432,0.0098303051735974117,0.00018663437710474592,-2.2795957544789053e-05,0.00016383841955995687
1920,1980,2,0.011344212222621997,-0.0013457296672330921,0.0099984825553889045,0.00018907020371036661,-2.2428827787218199e-05,0.00016664137592314841
1980,2040,2,0.011736110810614209,-0.0013117770306224907,0.010424333779991718,0.00019560184684357015,-2.1862950510374844e-05,0.0001737388963331953
2040,2100,2,0.011049961612779158,-0.0012863572412356306,0.0097636043715435272,0.00018416602687965262,-2.1439287353927175e-05,0.00016272673952572546
2100,2160,2,0.010926594795028166,-0.0012637882527469502,0.0096628065422812159,0.00018210991325046943,-2.1063137545782504e-05,0.00016104677570468693
2160,2220,2,0.011739214570871626,-0.0012288503822659169,0.010510364188605709,0.00019565357618119377,-2.0480839704431948e-05,0.00017517273647676181
2220,2280,2,0.010985321732177866,-0.0012032520860902896,0.0097820696460875767,0.00018308869553629778,-2.0054201434838158e-05,0.00016303449410145961
2280,2340,2,0.011762494501405873,-0.0011784740534793864,0.010584020447926487,0.00019604157502343123,-1.9641234224656438e-05,0.00017640034079877479
2340,2400,2,0.010990181026399537,-0.0011526633592764124,0.0098375176671231246,0.00018316968377332562,-1.9211055987940205e-05,0.00016395862778538541
2400,2460,2,0.011574184488262751,-0.0011280668147141543,0.010446117673548597,0.00019290307480437918,-1.8801113578569237e-05,0.00017410196122580993
2460,2520,2,0.010984576170859905,-0.0011047941333064554,0.0098797820375534501,0.00018307626951433176,-1.841323555510759e-05,0.00016466303395922416
2520,2580,2,0.0098160272670275717,-0.001098137088436299,0.0087178901785912727,0.00016360045445045952,-1.8302284807271651e-05,0.00014529816964318787
2580,2640,2,0.011011555508901372,-0.0010777599303782859,0.0099337955785230858,0.0001835259251483562,-1.7962665506304763e-05,0.00016556325964205143
2640,2700,2,0.010727386987694987,-0.0010540527746731032,0.0096733342130218836,0.00017878978312824977,-1.756754624455172e-05,0.00016122223688369805
2700,2760,2,0.0093910724096824549,-0.0010490590253960375,0.0083420133842864175,0.00015651787349470759,-1.7484317089933958e-05,0.00013903355640477362
2760,2820,2,0.009183135676103904,-0.0010450809194444965,0.0081380547566594075,0.00015305226126839839,-1.7418015324074944e-05,0.00013563424594432346
2820,2880,2,0.010180408357947091,-0.0010261889319234385,0.009154219426023652,0.0001696734726324515,-1.7103148865390642e-05,0.00015257032376706086
2880,2940,2,0.0087069617197143012,-0.0010157816388446511,0.0076911800808696501,0.00014511602866190503,-1.6929693980744185e-05,0.00012818633468116085
2940,3000,2,0.0087796036207997696,-0.0010173177660935534,0.0077622858547062162,0.00014632672701332948,-1.6955296101559222e-05,0.00012937143091177027
3000,3060,2,0.0084477972724736894,-0.0010054950330534995,0.0074423022394201899,0.00014079662120789483,-1.675825055089166e-05,0.00012403837065700317
3060,3120,2,0.010193012584082561,-0.00098455257355775649,0.0092084600105248049,0.0001698835430680427,-1.6409209559295943e-05,0.00015347433350874676
3120,3180,2,0.0094530126839684758,-0.0009606085924418889,0.0084924040915265869,0.00015755021139947459,-1.6010143207364815e-05,0.00014154006819210979
3180,3240,2,0.0089825146791918664,-0.00095589560505257576,0.0080266190741392907,0.00014970857798653111,-1.5931593417542929e-05,0.00013377698456898819
3240,3300,2,0.0089072118124825517,-0.00094742400207931121,0.0079597878104032405,0.00014845353020804253,-1.5790400034655188e-05,0.00013266313017338733
3300,3360,2,0.0078854356171889073,-0.00094873708310730387,0.0069366985340816034,0.00013142392695314847,-1.5812284718455064e-05,0.00011561164223469339
3360,3420,2,0.0080647119410127699,-0.0009473464433712997,0.0071173654976414702,0.00013441186568354617,-1.578910738952166e-05,0.0001186227582940245
3420,3480,2,0.0070293802618004442,-0.00094980001506334011,0.0060795802467371041,0.00011715633769667407,-1.5830000251055669e-05,0.0001013263374456184
3480,3540,2,0.007024748389657387,-0.0009529629824849839,0.0060717854071724031,0.00011707913982762312,-1.5882716374749731e-05,0.00010119642345287339
3540,3600,2,0.0084310259804686316,-0.00093780967060799747,0.0074932163098606341,0.00014051709967447719,-1.5630161176799959e-05,0.00012488693849767725
3600,3660,2,0.0075908815528787921,-0.00092532877082837639,0.0066655527820504157,0.00012651469254797986,-1.5422146180472941e-05,0.00011109254636750693
3660,3720,2,0.0074406717919742738,-0.00092469867554054175,0.006515973116433732,0.00012401119653290455,-1.5411644592342361e-05,0.00010859955194056221
3720,3780,2,0.0077227972487005081,-0.00091449637494958602,0.0068083008737509221,0.0001287132874783418,-1.5241606249159767e-05,0.00011347168122918203
3780,3840,2,0.007074022863416074,-0.00091400464030852446,0.0061600182231075495,0.00011790038105693456,-1.523341067180874e-05,0.00010266697038512582
3840,3900,2,0.0066439968173033215,-0.00091807263685145246,0.005725924180451869,0.00011073328028838869,-1.5301210614190874e-05,9.5432069674197812e-05
3900,3960,2,0.0065730112779921468,-0.00091675052101364285,0.0056562607569785039,0.00010955018796653578,-1.5279175350227381e-05,9.4271012616308395e-05
3960,4020,2,0.0058680173577013717,-0.0009232979360053184,0.0049447194216960533,9.7800289295022866e-05,-1.5388298933421974e-05,8.2411990361600882e-05
4020,4080,2,0.0052409018000524332,-0.00093433900770542588,0.0043065627923470073,8.7348363334207221e-05,-1.5572316795090431e-05,7.1776046539116784e-05
4080,4140,2,0.0063811940896743025,-0.00092680441884360198,0.0054543896708307005,0.00010635323482790504,-1.5446740314060032e-05,9.0906494513845007e-05
4140,4200,2,0.0057165024842894541,-0.00092309916104182932,0.0047934033232476247,9.5275041404824229e-05,-1.5384986017363821e-05,7.9890055387460415e-05
4200,4260,2,0.0059715954749135491,-0.00092481045039197185,0.0050467850245215773,9.9526591248559154e-05,-1.5413507506532865e-05,8.4113083742026293e-05
4260,4320,2,0.0068643189424322237,-0.00090999048084339229,0.0059543284615888314,0.00011440531570720373,-1.5166508014056539e-05,9.9238807693147188e-05
4320,4380,2,0.0048959236695664821,-0.00091724552766755951,0.0039786781418989225,8.1598727826108031e-05,-1.5287425461125991e-05,6.6311302364982047e-05
4380,4440,2,0.0043827639684266284,-0.00093657267055216598,0.0034461912978744624,7.3046066140443808e-05,-1.5609544509202768e-05,5.743652163124104e-05
4440,4500,2,0.0051961476519201133,-0.00093473991867865092,0.0042614077332414624,8.6602460865335215e-05,-1.5578998644644181e-05,7.1023462220691044e-05
4500,4560,2,0.0051591780548955191,-0.00092930243901512277,0.0042298756158803963,8.5986300914925315e-05,-1.548837398358538e-05,7.0497926931339938e-05
4560,4620,2,0.00581000420656963,-0.00092467459907530358,0.0048853296074943264,9.6833403442827173e-05,-1.5411243317921728e-05,8.1422160124905435e-05
4620,4680,2,0.0051882602156057001,-0.00091922781784967156,0.0042690323977560285,8.6471003593428336e-05,-1.5320463630827861e-05,7.1150539962600479e-05
4680,4740,2,0.0053936380702750419,-0.00092008859106545993,0.004473549479209582,8.9893967837917368e-05,-1.5334809851091e-05,7.4559157986826369e-05
4740,4800,2,0.004834377489883579,-0.00092473440962803632,0.0039096430802555426,8.0572958164726313e-05,-1.5412240160467272e-05,6.5160718004259041e-05
4800,4860,2,0.0039934453851440121,-0.00093770016251584765,0.0030557452226281645,6.6557423085733541e-05,-1.5628336041930793e-05,5.0929087043802741e-05
4860,4920,2,0.0050080567957104805,-0.00093490947247135137,0.0040731473232391291,8.3467613261841339e-05,-1.558182454118919e-05,6.7885788720652149e-05
4920,4980,2,0.003272693726557141,-0.00094332133897717663,0.0023293723875799643,5.4544895442619018e-05,-1.5722022316286276e-05,3.8822873126332738e-05
4980,5040,2,0.0029750495398267462,-0.00096538657261902028,0.002009662967207726,4.9584158997112437e-05,-1.6089776210317004e-05,3.3494382786795433e-05
5040,5100,2,0.0035007681394988444,-0.00096808238556586601,0.0025326857539329783,5.834613565831407e-05,-1.6134706426097765e-05,4.2211429232216305e-05
5100,5160,2,0.0050684001899985454,-0.00095532578112564326,0.0041130744088729021,8.4473336499975754e-05,-1.5922096352094053e-05,6.8551240147881698e-05
5160,5220,2,0.0039912381143859532,-0.00095188858327260872,0.0030393495311133445,6.6520635239765893e-05,-1.5864809721210146e-05,5.0655825518555744e-05
5220,5280,2,0.0029218120202387787,-0.00097164553801654119,0.0019501664822222375,4.8696867003979646e-05,-1.6194092300275686e-05,3.250277470370396e-05
5280,5340,2,0.0038802452194984793,-0.00097091571646781838,0.002909329503030661,6.4670753658307992e-05,-1.6181928607796973e-05,4.8488825050511018e-05
5340,5400,2,0.0029412287919098334,-0.00097875185564660905,0.0019624769362632244,4.9020479865163889e-05,-1.6312530927443485e-05,3.2707948937720405e-05
5400,5460,2,0.004188431584612462,-0.00097501433096430778,0.0032134172536481542,6.9807193076874371e-05,-1.625023884940513e-05,5.3556954227469238e-05
5460,5520,2,0.0033569741362216021,-0.00097287983345106799,0.0023840943027705341,5.5949568937026704e-05,-1.6214663890851132e-05,3.9734905046175566e-05
5520,5580,2,0.0029357900184804331,-0.00099014787446211061,0.0019456421440183225,4.8929833641340555e-05,-1.650246457436851e-05,3.2427369066972038e-05
5580,5640,2,0.0027712694161902141,-0.00099525776430961499,0.0017760116518805991,4.6187823603170232e-05,-1.6587629405160249e-05,2.9600194198009986e-05
5640,5700,2,0.0035755876835068534,-0.00099592370764731153,0.0025796639758595419,5.9593128058447557e-05,-1.6598728460788526e-05,4.2994399597659034e-05
5700,5760,2,0.0027114791315980824,-0.00099714601824668625,0.0017143331133513962,4.519131885996804e-05,-1.6619100304111437e-05,2.8572218555856603e-05
5760,5820,2,0.0019277118778889824,-0.0010187409819064075,0.00090897089598257486,3.2128531298149703e-05,-1.6979016365106791e-05,1.5149514933042913e-05
5820,5880,2,0.0022214381450958998,-0.0010236210963149306,0.0011978170487809692,3.702396908493166e-05,-1.7060351605248842e-05,1.9963617479682818e-05
5880,5940,2,0.0043801307942684664,-0.0010108364993422492,0.0033692942949262172,7.3002179904474446e-05,-1.6847274989037485e-05,5.6154904915436954e-05
5940,6000,2,0.0036958121059910143,-0.00099562481220061283,0.0027001872937904015,6.1596868433183571e-05,-1.6593746870010213e-05,4.5003121563173355e-05
6000,6060,2,0.0025803816084863929,-0.0010108227187277663,0.0015695588897586266,4.3006360141439878e-05,-1.6847045312129438e-05,2.6159314829310443e-05
6060,6120,2,0.0014419417510166399,-0.0010349381976244298,0.00040700355339221006,2.4032362516943998e-05,-1.7248969960407164e-05,6.7833925565368341e-06
6120,6180,2,0.0034117372995702278,-0.0010309029904350675,0.0023808343091351603,5.686228832617046e-05,-1.7181716507251124e-05,3.9680571818919336e-05
6180,6240,2,0.0027458188415132589,-0.0010255088937766443,0.0017203099477366146,4.5763647358554317e-05,-1.7091814896277406e-05,2.8671832462276911e-05
6240,6300,2,0.0022358600215810487,-0.0010380347768601528,0.0011978252447208959,3.726433369301748e-05,-1.7300579614335881e-05,1.99637540786816e-05
6300,6360,2,0.0015743290420319189,-0.0010567428456970118,0.0005175861963349071,2.6238817367198649e-05,-1.7612380761616864e-05,8.6264366055817852e-06
6360,6420,2,0.0012797511506001946,-0.0010702436047732855,0.00020950754582690911,2.1329185843336578e-05,-1.7837393412888091e-05,3.4917924304484853e-06
6420,6480,2,0.0010942986541787603,-0.0010856689428814792,8.629711297281073e-06,1.8238310902979336e-05,-1.8094482381357985e-05,1.4382852162135123e-07
6480,6540,2,0.0032908869972174681,-0.0010703119293733188,0.0022205750678441494,5.4848116620291136e-05,-1.7838532156221979e-05,3.7009584464069154e-05
6540,6600,2,0.0018357636620032203,-0.0010720281298898793,0.000763735532113341,3.0596061033387006e-05,-1.7867135498164653e-05,1.272892553522235e-05
6600,6660,2,0.00094101714783600965,-0.0010937727765754912,-0.00015275562873948156,1.568361913060016e-05,-1.8229546276258188e-05,-2.5459271456580262e-06
6660,6720,2,0.0014786143032622379,-0.0011019522614019173,0.0003766620418603206,2.4643571721037297e-05,-1.8365871023365289e-05,6.27770069767201e-06
6720,6780,2,0.0022449716673492714,-0.0010988426778708316,0.0011461289894784399,3.7416194455821192e-05,-1.8314044631180527e-05,1.9102149824640664e-05
6780,6840,2,0.0010340216041113681,-0.0011090278640113749,-7.5006259900006755e-05,1.7233693401856135e-05,-1.8483797733522915e-05,-1.2501043316667793e-06
6840,6900,2,0.0027167952153178687,-0.0011053807943691152,0.0016114144209487535,4.5279920255297812e-05,-1.8423013239485252e-05,2.685690701581256e-05
6900,6960,2,0.0022249191821500647,-0.0010990044686076395,0.0011259147135424252,3.7081986369167746e-05,-1.8316741143460658e-05,1.8765245225707088e-05
6960,7020,2,0.0017148356764179473,-0.0011129384611959503,0.00060189721522199702,2.8580594606965788e-05,-1.8548974353265838e-05,1.0031620253699951e-05
7020,7080,2,0.00093375021316177698,-0.0011276864243594809,-0.00019393621119770388,1.5562503552696283e-05,-1.8794773739324679e-05,-3.2322701866283981e-06
7080,7140,2,0.0015334662758719197,-0.0011332815131156193,0.00040018476275630044,2.5557771264531996e-05,-1.8888025218593655e-05,6.6697460459383405e-06
7140,7200,2,0.0014456923330774529,-0.0011415839185564824,0.00030410841452097048,2.4094872217957548e-05,-1.902639864260804e-05,5.068473575349508e-06
7200,7260,2,0.0015034941704917815,-0.0011473531097506984,0.00035614106074108309,2.5058236174863025e-05,-1.9122551829178307e-05,5.9356843456847186e-06
7260,7320,2,3.9143892989090823e-05,-0.0011665894382322239,-0.0011274455452431331,6.5239821648484704e-07,-1.9443157303870399e-05,-1.8790759087385551e-05
7320,7380,2,0.0011332792594447305,-0.0011727039120552896,-3.9424652610559052e-05,1.8887987657412175e-05,-1.9545065200921492e-05,-6.5707754350931751e-07
7380,7440,2,0.00035256568463692961,-0.0011820560646794431,-0.00082949038004251352,5.8760947439488264e-06,-1.9700934411324054e-05,-1.3824839667375225e-05
7440,7500,2,0.001561705464799612,-0.0011829111332265219,0.00037879433157309017,2.6028424413326866e-05,-1.9715185553775365e-05,6.3132388595515027e-06
7500,7560,2,0.0010900397115093385,-0.0011834551642431468,-9.3415452733808246e-05,1.8167328525155641e-05,-1.9724252737385781e-05,-1.5569242122301374e-06
7560,7620,2,0.0004558467459482296,-0.00120244186386817,-0.00074659511791994038,7.5974457658038268e-06,-2.0040697731136168e-05,-1.2443251965332339e-05
7620,7680,2,0.00050403787721542415,-0.0012098908795793728,-0.00070585300236394866,8.4006312869237359e-06,-2.0164847992989547e-05,-1.1764216706065811e-05
7680,7740,2,0.0018437483386377629,-0.0012042830684968475,0.00063946527014091537,3.0729138977296051e-05,-2.0071384474947459e-05,1.0657754502348589e-05
7740,7800,2,0.00054752301947824655,-0.0012150212096598556,-0.00066749819018160905,9.1253836579707762e-06,-2.0250353494330928e-05,-1.112496983636015e-05
7800,7860,2,0.0023352858275922372,-0.0012104885381797326,0.0011247972894125047,3.8921430459870618e-05,-2.0174808969662211e-05,1.8746621490208411e-05
7860,7920,2,0.0011724279236299262,-0.0012085875667466328,-3.6159643116706608e-05,1.9540465393832104e-05,-2.0143126112443879e-05,-6.0266071861177683e-07
7920,7980,2,0.00028213614070604631,-0.0012331197183836351,-0.00095098357767758879,4.7022690117674383e-06,-2.055199530639392e-05,-1.5849726294626478e-05
7980,8040,2,0.0011044640364172853,-0.0012383195185823592,-0.00013385548216507392,1.8407733940288087e-05,-2.063865864303932e-05,-2.230924702751232e-06
8040,8100,2,-0.00032223848661006027,-0.0012487351567517513,-0.0015709736433618116,-5.3706414435010043e-06,-2.0812252612529188e-05,-2.6182894056030193e-05
8100,8160,2,0.0022221870474529171,-0.0012472183570778062,0.00097496869037511091,3.7036450790881954e-05,-2.0786972617963437e-05,1.6249478172918514e-05
8160,8220,2,0.00078279095119604403,-0.0012452117537026797,-0.00046242080250663564,1.30465158532674e-05,-2.0753529228377995e-05,-7.7070133751105937e-06
8220,8280,2,0.0012467786178699258,-0.0012540389566119969,-7.2603387420711041e-06,2.0779643631165429e-05,-2.0900649276866615e-05,-1.2100564570118507e-07
8280,8340,2,-0.00053881923651155628,-0.0012749810270381301,-0.0018138002635496864,-8.9803206085259376e-06,-2.1249683783968835e-05,-3.0230004392494774e-05
8340,8400,2,0.00071625364963101568,-0.0012851671899064276,-0.00056891354027541197,1.1937560827183595e-05,-2.1419453165107127e-05,-9.481892337923533e-06
8400,8460,2,0.00089296956235362934,-0.001281812580751579,-0.00038884301839794966,1.4882826039227155e-05,-2.1363543012526317e-05,-6.4807169732991611e-06
8460,8520,2,0.0018270964242484977,-0.0012787893121790073,0.00054830711206949045,3.0451607070808296e-05,-2.1313155202983455e-05,9.1384518678248414e-06
8520,8580,2,0.00055766643306287556,-0.0012862509032693925,-0.00072858447020651695,9.2944405510479257e-06,-2.1437515054489874e-05,-1.214307450344195e-05
8580,8640,2,0.00018695523181189166,-0.0013012465431146147,-0.0011142913113027231,3.1159205301981945e-06,-2.1687442385243578e-05,-1.8571521855045385e-05
8640,8700,2,-0.00012884652751121717,-0.0013185899184163519,-0.001447436445927569,-2.1474421251869527e-06,-2.197649864027253e-05,-2.4123940765459484e-05
8700,8760,2,0.0002517236577519455,-0.001326869050531615,-0.0010751453927796695,4.1953942958657581e-06,-2.2114484175526917e-05,-1.7919089879661157e-05
8760,8820,2,0.00085276841138870463,-0.0013318972117017103,-0.00047912880031300564,1.421280685647841e-05,-2.2198286861695171e-05,-7.9854800052167611e-06
8820,8880,2,0.00052428779137714265,-0.0013298061216588108,-0.00080551833028166819,8.7381298562857111e-06,-2.2163435360980181e-05,-1.342530550469447e-05
8880,8940,2,-0.00061459688288345582,-0.0013525835081266702,-0.001967180391010126,-1.024328138139093e-05,-2.2543058468777834e-05,-3.2786339850168766e-05
8940,9000,2,0.0019619215363884113,-0.0013425702981078869,0.00061935123828052441,3.2698692273140191e-05,-2.2376171635131448e-05,1.0322520638008741e-05
9000,9060,2,0.0018220908977343298,-0.001319764834652154,0.00050232606308217576,3.0368181628905497e-05,-2.1996080577535899e-05,8.3721010513695956e-06
9060,9120,2,-0.00073466645644382211,-0.0013511111936295173,-0.0020857776500733394,-1.2244440940730368e-05,-2.2518519893825287e-05,-3.4762960834555654e-05
9120,9180,2,0.00057833760671610612,-0.0013728599544661768,-0.00079452234775007069,9.6389601119351017e-06,-2.2880999241102948e-05,-1.3242039129167845e-05
9180,9240,2,-0.00038160200137316025,-0.0013772252689109032,-0.0017588272702840635,-6.3600333562193379e-06,-2.2953754481848388e-05,-2.9313787838067725e-05
9240,9300,2,0.0011469306641774812,-0.0013752437433536269,-0.00022831307917614563,1.9115511069624689e-05,-2.2920729055893781e-05,-3.8052179862690937e-06
9300,9360,2,5.6230512016752776e-05,-0.0013841709714188521,-0.0013279404594020994,9.3717520027921291e-07,-2.3069516190314202e-05,-2.213234099003499e-05
9360,9420,2,0.00092985831397862651,-0.001389795160931101,-0.0004599368469524745,1.5497638566310443e-05,-2.3163252682185016e-05,-7.6656141158745746e-06
9420,9480,2,0.0010281956329201147,-0.001383895796703366,-0.00035570016378325131,1.7136593882001912e-05,-2.3064929945056102e-05,-5.9283360630541886e-06
9480,9540,2,0.00084007655786566549,-0.0013905851209872477,-0.00055050856312158225,1.4001275964427757e-05,-2.3176418683120796e-05,-9.1751427186930371e-06
9540,9600,2,-0.0010026128072291307,-0.0014128084603832469,-0.0024154212676123776,-1.6710213453818844e-05,-2.3546807673054117e-05,-4.0257021126872961e-05
9600,9660,2,0.0014049520778218749,-0.0014138574125034942,-8.905334681619248e-06,2.3415867963697916e-05,-2.3564290208391569e-05,-1.4842224469365414e-07
9660,9720,2,-0.00044794727738606266,-0.0014263390092194017,-0.0018742862866054644,-7.4657879564343776e-06,-2.3772316820323362e-05,-3.123810477675774e-05
9720,9780,2,-0.00095611074760970638,-0.0014508773893947835,-0.0024069881370044899,-1.5935179126828441e-05,-2.418128982324639e-05,-4.0116468950074831e-05
9780,9840,2,0.00087205914931065553,-0.0014452160398156777,-0.00057315689050502217,1.4534319155177592e-05,-2.4086933996927962e-05,-9.5526148417503693e-06
9840,9900,2,0.00029147257489703371,-0.0014495389893389166,-0.0011580664144418829,4.8578762482838949e-06,-2.415898315564861e-05,-1.9301106907364716e-05
9900,9960,2,0.0012922657244238689,-0.0014418119112232508,-0.00014954618679938192,2.1537762073731147e-05,-2.4030198520387512e-05,-2.4924364466563653e-06
9960,10020,2,0.00097666459798229077,-0.001443357173475518,-0.00046669257549322718,1.6277743299704847e-05,-2.4055952891258631e-05,-7.778209591553786e-06
10020,10080,2,-0.00061361503530021899,-0.0014606323652114894,-0.0020742474005117084,-1.022691725500365e-05,-2.4343872753524822e-05,-3.4570790008528474e-05
10080,10140,2,0.0012449270268249935,-0.0014638489811141797,-0.00021892195428918626,2.0748783780416558e-05,-2.4397483018569661e-05,-3.6486992381531045e-06
10140,10200,2,-0.00058058864443044644,-0.001475414362508698,-0.0020560030069391444,-9.676477407174108e-06,-2.4590239375144967e-05,-3.4266716782319073e-05
10200,10260,2,5.2264193825202199e-05,-0.001499683704976329,-0.0014474195111511268,8.7106989708670333e-07,-2.4994728416272149e-05,-2.4123658519185446e-05
10260,10320,2,-0.00039066918209196277,-0.0014986786254529427,-0.0018893478075449055,-6.5111530348660464e-06,-2.4977977090882377e-05,-3.1489130125748423e-05
10320,10380,2,0.0014660707336302536,-0.001498041823848717,-3.1971090218463338e-05,2.4434512227170893e-05,-2.4967363730811949e-05,-5.3285150364105567e-07
10380,10440,2,-0.00080742315879489546,-0.001509163682875958,-0.0023165868416708535,-1.3457052646581591e-05,-2.5152728047932633e-05,-3.8609780694514226e-05
10440,10500,2,-0.0010451630801004974,-0.0015431881399834424,-0.0025883512200839398,-1.7419384668341624e-05,-2.5719802333057373e-05,-4.3139187001399e-05
10500,10560,2,0.00050172087935984599,-0.0015310853386411583,-0.0010293644592813123,8.362014655997433e-06,-2.5518088977352638e-05,-1.7156074321355205e-05
10560,10620,2,0.0018790185825225958,-0.0015125227906755967,0.0003664957918469991,3.1316976375376596e-05,-2.5208713177926613e-05,6.1082631974499852e-06
10620,10680,2,0.0010170165180056756,-0.0015017544239346869,-0.00048473790592901134,1.6950275300094592e-05,-2.5029240398911447e-05,-8.0789650988168552e-06
10680,10740,2,0.00023047084528460271,-0.0015224044528859837,-0.001291933607601381,3.8411807547433782e-06,-2.5373407548099729e-05,-2.1532226793356349e-05
10740,10800,2,0.00060611575945335172,-0.0015372275785004996,-0.0009311118190471479,1.0101929324222528e-05,-2.5620459641674994e-05,-1.5518530317452464e-05
