time_h,r0cm,r0.5cm,r1cm,r1.5cm,r2cm,surface,radius_cm
6,1.7196029341884955,1.537754161705849,1.0226151089939148,,,0.4206825942811151,1.3740000000000001
12,0.73768634657622489,0.65463962686391253,0.40832406036281754,,,0.16694747164292625,1.248
18,0.40875557147628616,0.36865476024615412,0.23974227296439773,,,0.089175496422126202,1.214
24,0.28512069131022066,0.26106226384705922,0.17899003356989451,,,0.067324564305618437,1.204
30,0.2263268207437015,0.20938682783697826,0.14926550365293889,,,0.059479393843254187,1.2010000000000001
36,0.19281924557335731,0.1796577198352613,0.13165951996936956,,,0.055952878087310573,1.2
42,0.17123882477712293,0.16037472382495749,0.11997718659274717,,,0.054094510348150188,1.2
48,0.15614941284365405,0.14680975186575623,0.11156280551319617,,,0.053002267836175607,1.2
51.092100000000002,0.14999982116131336,0.14126050546760055,0.10806976278715619,,,0.052607489635568112,1.2
