question,group,case,time_s,r_m,T,C
1,B,q1_B_r512_v2,100,0,28.000053328090061,2.5499999999999998
1,B,q1_B_r512_v2,100,0.0050000000000000001,28.000347454097454,2.5499999999999998
1,B,q1_B_r512_v2,100,0.01,28.004045737345763,2.5499999999999998
1,B,q1_B_r512_v2,100,0.014999999999999999,28.032702396710789,2.5499999578837849
1,B,q1_B_r512_v2,100,0.02,28.180070390158686,2.2470558912508696
1,B,q1_B_r512_v2,300,0,28.040792063308004,2.5499999999999998
1,B,q1_B_r512_v2,300,0.0050000000000000001,28.063488559572271,2.5499999999999998
1,B,q1_B_r512_v2,300,0.01,28.151395808189768,2.5499999990075124
1,B,q1_B_r512_v2,300,0.014999999999999999,28.368069313519634,2.5491993093085408
1,B,q1_B_r512_v2,300,0.02,28.848850960330129,2.050844093105181
1,B,q1_B_r512_v2,600,0,28.453330368406384,2.5499999999999998
1,B,q1_B_r512_v2,600,0.0050000000000000001,28.536030932851375,2.5499999997873823
1,B,q1_B_r512_v2,600,0.01,28.803943774824376,2.5499885886111704
1,B,q1_B_r512_v2,600,0.014999999999999999,29.315914858382403,2.5352757082721085
1,B,q1_B_r512_v2,600,0.02,30.165227414957815,1.8769674893362907
1,B,q1_B_r512_v2,900,0,29.324294461734368,2.5499999999442244
1,B,q1_B_r512_v2,900,0.0050000000000000001,29.458250509536981,2.5499997959037399
1,B,q1_B_r512_v2,900,0.01,29.875453560509666,2.5496837026680197
1,B,q1_B_r512_v2,900,0.014999999999999999,30.616141123295353,2.5045438915540199
1,B,q1_B_r512_v2,900,0.02,31.7303998929081,1.7547172817146945
1,B,q1_B_r512_v2,1200,0,30.542718754407264,2.5499999803098707
1,B,q1_B_r512_v2,1200,0.0050000000000000001,30.709768298616069,2.5499929745744447
1,B,q1_B_r512_v2,1200,0.01,31.222348135759933,2.5481800438151647
1,B,q1_B_r512_v2,1200,0.014999999999999999,32.11255798373039,2.4645697975282741
1,B,q1_B_r512_v2,1200,0.02,33.427633744852848,1.6585608932847917
1,B,q1_B_r512_v2,1500,0,31.995719608757256,2.5499993075742342
1,B,q1_B_r512_v2,1500,0.0050000000000000001,32.186733369530153,2.5499377751120544
1,B,q1_B_r512_v2,1500,0.01,32.766020206276423,2.5445410483832114
1,B,q1_B_r512_v2,1500,0.014999999999999999,33.746276694288191,2.4206116621374578
1,B,q1_B_r512_v2,1500,0.02,35.120263356071973,1.5787262244709916
1,B,q1_B_r512_v2,1800,0,33.575344151600603,2.5499923869946559
1,B,q1_B_r512_v2,1800,0.0050000000000000001,33.772001256534686,2.5497237636230645
1,B,q1_B_r512_v2,1800,0.01,34.364160204411768,2.5382997215033924
1,B,q1_B_r512_v2,1800,0.014999999999999999,35.362123827368293,2.3754715778712456
1,B,q1_B_r512_v2,1800,0.02,36.785559809058981,1.5102375121638869
1,F00,q1_F00_r96_z0_v2,100,0,28.000005552572109,2.5499999999999998
1,F00,q1_F00_r96_z0_v2,100,0.0050000000000000001,28.000073942969575,2.5499999999999998
1,F00,q1_F00_r96_z0_v2,100,0.01,28.001653078177213,2.5499999999999998
1,F00,q1_F00_r96_z0_v2,100,0.014999999999999999,28.021251670482592,2.5499999858706874
1,F00,q1_F00_r96_z0_v2,100,0.02,28.159524875742104,2.4917081552200315
1,F00,q1_F00_r96_z0_v2,300,0,28.015585202350785,2.5499999999999998
1,F00,q1_F00_r96_z0_v2,300,0.0050000000000000001,28.029732390969016,2.5499999999999998
1,F00,q1_F00_r96_z0_v2,300,0.01,28.09362238930029,2.5499999996695561
1,F00,q1_F00_r96_z0_v2,300,0.014999999999999999,28.280914277109961,2.5498371594369513
1,F00,q1_F00_r96_z0_v2,300,0.02,28.758648149950066,2.4628507419565269
1,F00,q1_F00_r96_z0_v2,600,0,28.253929058764058,2.5499999999999998
1,F00,q1_F00_r96_z0_v2,600,0.0050000000000000001,28.324648753265954,2.5499999999342102
1,F00,q1_F00_r96_z0_v2,600,0.01,28.565354831219711,2.5499975731358528
1,F00,q1_F00_r96_z0_v2,600,0.014999999999999999,29.060706532774006,2.5471615953661555
1,F00,q1_F00_r96_z0_v2,600,0.02,29.94604439289558,2.4424386021646325
1,F00,q1_F00_r96_z0_v2,900,0,28.855793007691634,2.549999999982095
1,F00,q1_F00_r96_z0_v2,900,0.0050000000000000001,28.984333225095238,2.5499999536555014
1,F00,q1_F00_r96_z0_v2,900,0.01,29.395555126929175,2.5499372312380619
1,F00,q1_F00_r96_z0_v2,900,0.014999999999999999,30.159041269921389,2.5416027019124483
1,F00,q1_F00_r96_z0_v2,900,0.02,31.361596506245398,2.4245728003025024
1,F00,q1_F00_r96_z0_v2,1200,0,29.781346171290846,2.5499999952141268
1,F00,q1_F00_r96_z0_v2,1200,0.0050000000000000001,29.953966280689709,2.5499985459614845
1,F00,q1_F00_r96_z0_v2,1200,0.01,30.491149333341856,2.5496517976242785
1,F00,q1_F00_r96_z0_v2,1200,0.014999999999999999,31.448600877632394,2.5346960326449399
1,F00,q1_F00_r96_z0_v2,1200,0.02,32.903832426088158,2.3997695648770341
1,F00,q1_F00_r96_z0_v2,1500,0,30.949753349853957,2.549999849561293
1,F00,q1_F00_r96_z0_v2,1500,0.0050000000000000001,31.156698537580727,2.5499876994802526
1,F00,q1_F00_r96_z0_v2,1500,0.01,31.791263687105921,2.5489830011981316
1,F00,q1_F00_r96_z0_v2,1500,0.014999999999999999,32.887343984281458,2.5270162917844883
1,F00,q1_F00_r96_z0_v2,1500,0.02,34.456723586792414,2.3627340479805716
1,F00,q1_F00_r96_z0_v2,1800,0,32.286439546059931,2.5499984408004046
1,F00,q1_F00_r96_z0_v2,1800,0.0050000000000000001,32.51086153891999,2.5499470041949031
1,F00,q1_F00_r96_z0_v2,1800,0.01,33.189855680225868,2.5478572573189036
1,F00,q1_F00_r96_z0_v2,1800,0.014999999999999999,34.343834206848882,2.5183370956855229
1,F00,q1_F00_r96_z0_v2,1800,0.02,36.003189626689419,2.3127308224428256
1,F10,q1_F10_r96_z128_v2,100,0,28.000005556603149,2.5499999999999998
1,F10,q1_F10_r96_z128_v2,100,0.0050000000000000001,28.00007395001218,2.5499999999999998
1,F10,q1_F10_r96_z128_v2,100,0.01,28.001653075006235,2.5499999999999998
1,F10,q1_F10_r96_z128_v2,100,0.014999999999999999,28.021251433797016,2.549999985844845
1,F10,q1_F10_r96_z128_v2,100,0.02,28.159524516967608,2.491708162866793
1,F10,q1_F10_r96_z128_v2,300,0,28.015585163384436,2.5499999999999998
1,F10,q1_F10_r96_z128_v2,300,0.0050000000000000001,28.029732314582628,2.5499999999999998
1,F10,q1_F10_r96_z128_v2,300,0.01,28.093622172607681,2.5499999996696383
1,F10,q1_F10_r96_z128_v2,300,0.014999999999999999,28.280913203128222,2.5498371594007434
1,F10,q1_F10_r96_z128_v2,300,0.02,28.758640310971138,2.4628508361167682
1,F10,q1_F10_r96_z128_v2,600,0,28.253928549756413,2.5499999999999998
1,F10,q1_F10_r96_z128_v2,600,0.0050000000000000001,28.32464820358306,2.5499999999342076
1,F10,q1_F10_r96_z128_v2,600,0.01,28.565354222317641,2.5499975731306388
1,F10,q1_F10_r96_z128_v2,600,0.014999999999999999,29.060705923083486,2.5471615959486491
1,F10,q1_F10_r96_z128_v2,600,0.02,29.946046413557291,2.4424385649640996
1,F10,q1_F10_r96_z128_v2,900,0,28.855792548263352,2.5499999999820955
1,F10,q1_F10_r96_z128_v2,900,0.0050000000000000001,28.984332794797151,2.5499999536554459
1,F10,q1_F10_r96_z128_v2,900,0.01,29.39555474664644,2.5499372312401349
1,F10,q1_F10_r96_z128_v2,900,0.014999999999999999,30.159041138520649,2.5416027054016674
1,F10,q1_F10_r96_z128_v2,900,0.02,31.361599523907138,2.4245726577517348
1,F10,q1_F10_r96_z128_v2,1200,0,29.781345899447807,2.5499999952141539
1,F10,q1_F10_r96_z128_v2,1200,0.0050000000000000001,29.953966028549694,2.5499985459619059
1,F10,q1_F10_r96_z128_v2,1200,0.01,30.491149051032963,2.5496517977144566
1,F10,q1_F10_r96_z128_v2,1200,0.014999999999999999,31.448600773622228,2.5346960381608645
1,F10,q1_F10_r96_z128_v2,1200,0.02,32.903834094963265,2.3997697224056105
1,F10,q1_F10_r96_z128_v2,1500,0,30.94975315266506,2.5499998495614822
1,F10,q1_F10_r96_z128_v2,1500,0.0050000000000000001,31.156698339763381,2.5499876994828385
1,F10,q1_F10_r96_z128_v2,1500,0.01,31.791263527595394,2.5489830015485184
1,F10,q1_F10_r96_z128_v2,1500,0.014999999999999999,32.887343888312436,2.5270162980400479
1,F10,q1_F10_r96_z128_v2,1500,0.02,34.456715454817278,2.3627341603114562
1,F10,q1_F10_r96_z128_v2,1800,0,32.286439512015463,2.5499984408011129
1,F10,q1_F10_r96_z128_v2,1800,0.0050000000000000001,32.510861598998936,2.5499470042098222
1,F10,q1_F10_r96_z128_v2,1800,0.01,33.189855970772228,2.5478572580424568
1,F10,q1_F10_r96_z128_v2,1800,0.014999999999999999,34.343834503845954,2.5183371021610959
1,F10,q1_F10_r96_z128_v2,1800,0.02,36.003190086040476,2.3127307938087371
1,F01,q1_F01_r96_z0_v2,100,0,27.999547946340979,2.5499999999999998
1,F01,q1_F01_r96_z0_v2,100,0.0050000000000000001,27.99594992495706,2.5499999999999998
1,F01,q1_F01_r96_z0_v2,100,0.01,27.94750540478255,2.5499999999999998
1,F01,q1_F01_r96_z0_v2,100,0.014999999999999999,27.659329263227814,2.5499999882434872
1,F01,q1_F01_r96_z0_v2,100,0.02,26.973287894620764,2.5146100587224924
1,F01,q1_F01_r96_z0_v2,300,0,27.87540044259989,2.5499999999999998
1,F01,q1_F01_r96_z0_v2,300,0.0050000000000000001,27.821978105890366,2.5499999999999998
1,F01,q1_F01_r96_z0_v2,300,0.01,27.666758512246844,2.549999999743418
1,F01,q1_F01_r96_z0_v2,300,0.014999999999999999,27.484216649797499,2.5498889323194134
1,F01,q1_F01_r96_z0_v2,300,0.02,27.540139942584588,2.508881539236711
1,F01,q1_F01_r96_z0_v2,600,0,27.697138594769864,2.5499999999999998
1,F01,q1_F01_r96_z0_v2,600,0.0050000000000000001,27.712844167547111,2.5499999999522336
1,F01,q1_F01_r96_z0_v2,600,0.01,27.805724653603498,2.5499983900285397
1,F01,q1_F01_r96_z0_v2,600,0.014999999999999999,28.113824574750343,2.5484084352264711
1,F01,q1_F01_r96_z0_v2,600,0.02,28.858789096349621,2.5088502833878441
1,F01,q1_F01_r96_z0_v2,900,0,28.051976385638788,2.5499999999874556
1,F01,q1_F01_r96_z0_v2,900,0.0050000000000000001,28.15382698103361,2.5499999696224736
1,F01,q1_F01_r96_z0_v2,900,0.01,28.493341215928066,2.549963083580967
1,F01,q1_F01_r96_z0_v2,900,0.014999999999999999,29.166405734615484,2.5459023128243143
1,F01,q1_F01_r96_z0_v2,900,0.02,30.303708283158851,2.5076712389699951
1,F01,q1_F01_r96_z0_v2,1200,0,28.853106144586036,2.549999996897192
1,F01,q1_F01_r96_z0_v2,1200,0.0050000000000000001,29.009828363027864,2.549999126105623
1,F01,q1_F01_r96_z0_v2,1200,0.01,29.500299067879773,2.5498144460636474
1,F01,q1_F01_r96_z0_v2,1200,0.014999999999999999,30.379828485615313,2.5433078440458776
1,F01,q1_F01_r96_z0_v2,1200,0.02,31.740298773717413,2.5027290654071388
1,F01,q1_F01_r96_z0_v2,1500,0,29.921932773554989,2.5499999089848968
1,F01,q1_F01_r96_z0_v2,1500,0.0050000000000000001,30.110547711306044,2.5499931452595903
1,F01,q1_F01_r96_z0_v2,1500,0.01,30.686569955606185,2.5495019077751415
1,F01,q1_F01_r96_z0_v2,1500,0.014999999999999999,31.66881557821117,2.5408118230350296
1,F01,q1_F01_r96_z0_v2,1500,0.02,33.051039700104717,2.4931230689320425
1,F01,q1_F01_r96_z0_v2,1800,0,31.119095637757951,2.5499991138805749
1,F01,q1_F01_r96_z0_v2,1800,0.0050000000000000001,31.315515822207015,2.5499723887796621
1,F01,q1_F01_r96_z0_v2,1800,0.01,31.905363601136415,2.5490254899403544
1,F01,q1_F01_r96_z0_v2,1800,0.014999999999999999,32.892498433737593,2.5382378035808904
1,F01,q1_F01_r96_z0_v2,1800,0.02,34.284292717412143,2.4803454302030135
1,F11,q1_F11_r96_z128_v2,100,0,27.999547945618179,2.5499999999999998
1,F11,q1_F11_r96_z128_v2,100,0.0050000000000000001,27.995949893562649,2.5499999999999998
1,F11,q1_F11_r96_z128_v2,100,0.01,27.947505463991291,2.5499999999999998
1,F11,q1_F11_r96_z128_v2,100,0.014999999999999999,27.659329504094217,2.5499999882525097
1,F11,q1_F11_r96_z128_v2,100,0.02,26.973288422747256,2.5146100652692005
1,F11,q1_F11_r96_z128_v2,300,0,27.875400583425598,2.5499999999999998
1,F11,q1_F11_r96_z128_v2,300,0.0050000000000000001,27.821978299741261,2.5499999999999998
1,F11,q1_F11_r96_z128_v2,300,0.01,27.666758563777105,2.5499999997436906
1,F11,q1_F11_r96_z128_v2,300,0.014999999999999999,27.484216383905704,2.549888931940349
1,F11,q1_F11_r96_z128_v2,300,0.02,27.540135321947389,2.5088816263440137
1,F11,q1_F11_r96_z128_v2,600,0,27.697138573326558,2.5499999999999998
1,F11,q1_F11_r96_z128_v2,600,0.0050000000000000001,27.71284413296117,2.5499999999522509
1,F11,q1_F11_r96_z128_v2,600,0.01,27.805724684253832,2.5499983900399852
1,F11,q1_F11_r96_z128_v2,600,0.014999999999999999,28.113823934230378,2.5484084373967453
1,F11,q1_F11_r96_z128_v2,600,0.02,28.858789203108973,2.5088503312370909
1,F11,q1_F11_r96_z128_v2,900,0,28.051976203816157,2.5499999999874579
1,F11,q1_F11_r96_z128_v2,900,0.0050000000000000001,28.153826805435568,2.5499999696231939
1,F11,q1_F11_r96_z128_v2,900,0.01,28.493341072789367,2.5499630836113187
1,F11,q1_F11_r96_z128_v2,900,0.014999999999999999,29.166405442548282,2.5459023187933769
1,F11,q1_F11_r96_z128_v2,900,0.02,30.303706869366483,2.5076712012756097
1,F11,q1_F11_r96_z128_v2,1200,0,28.853106035753733,2.5499999968972742
1,F11,q1_F11_r96_z128_v2,1200,0.0050000000000000001,29.009828248375637,2.5499991261078279
1,F11,q1_F11_r96_z128_v2,1200,0.01,29.500299034142824,2.5498144462955756
1,F11,q1_F11_r96_z128_v2,1200,0.014999999999999999,30.379828486878978,2.5433078525681272
1,F11,q1_F11_r96_z128_v2,1200,0.02,31.740292173304077,2.502729029611146
1,F11,q1_F11_r96_z128_v2,1500,0,29.921932785591789,2.5499999089852992
1,F11,q1_F11_r96_z128_v2,1500,0.0050000000000000001,30.110547744214323,2.5499931452685334
1,F11,q1_F11_r96_z128_v2,1500,0.01,30.686570086199428,2.5495019084360209
1,F11,q1_F11_r96_z128_v2,1500,0.014999999999999999,31.668815602947621,2.5408118365958576
1,F11,q1_F11_r96_z128_v2,1500,0.02,33.051039462532209,2.4931231493468737
1,F11,q1_F11_r96_z128_v2,1800,0,31.119095684128602,2.5499991138827363
1,F11,q1_F11_r96_z128_v2,1800,0.0050000000000000001,31.315515858298035,2.549972388817614
1,F11,q1_F11_r96_z128_v2,1800,0.01,31.905363572876379,2.5490254912498305
1,F11,q1_F11_r96_z128_v2,1800,0.014999999999999999,32.892498520040263,2.538237821813913
1,F11,q1_F11_r96_z128_v2,1800,0.02,34.284292602955937,2.4803454919951173
2,B,q23_B_r512_v2,1800,0,32.189243961193966,2.5499340197805735
2,B,q23_B_r512_v2,1800,0.0050000000000000001,32.38211346517614,2.5488834867371333
2,B,q23_B_r512_v2,1800,0.01,32.965939306070588,2.5255573392064399
2,B,q23_B_r512_v2,1800,0.014999999999999999,33.960778088882023,2.3257058247727351
2,B,q23_B_r512_v2,1800,0.02,35.413019614000973,1.6486193183358373
2,B,q23_B_r512_v2,3600,0,40.381566467701191,2.5257359631996041
2,B,q23_B_r512_v2,3600,0.0050000000000000001,40.553565850172994,2.4947858197944028
2,B,q23_B_r512_v2,3600,0.01,41.06048404966711,2.3578195353825659
2,B,q23_B_r512_v2,3600,0.014999999999999999,41.878219154819433,2.0229648100932756
2,B,q23_B_r512_v2,3600,0.02,42.997609723051404,1.4710940660844869
2,B,q23_B_r512_v2,5400,0,45.846755412168882,2.3860632923359719
2,B,q23_B_r512_v2,5400,0.0050000000000000001,45.93480655948666,2.3256361361089697
2,B,q23_B_r512_v2,5400,0.01,46.192954253529834,2.1344091957316915
2,B,q23_B_r512_v2,5400,0.014999999999999999,46.6050751895811,1.8020174799792281
2,B,q23_B_r512_v2,5400,0.02,47.140051182741601,1.3475674180919224
2,B,q23_B_r512_v2,7200,0,48.450235721439455,2.1708515868019265
2,B,q23_B_r512_v2,7200,0.0050000000000000001,48.488060765327397,2.1084340488142455
2,B,q23_B_r512_v2,7200,0.01,48.598445211160872,1.9236286712518627
2,B,q23_B_r512_v2,7200,0.014999999999999999,48.773550906999475,1.6259388690753278
2,B,q23_B_r512_v2,7200,0.02,49.003325057048698,1.231092558358855
2,B,q23_B_r512_v2,9000,0,49.466980746057168,1.9566421390038546
2,B,q23_B_r512_v2,9000,0.0050000000000000001,49.479220189504609,1.9005976204894879
2,B,q23_B_r512_v2,9000,0.01,49.513649894932527,1.7359802497703942
2,B,q23_B_r512_v2,9000,0.014999999999999999,49.565331820082605,1.4719871711488361
2,B,q23_B_r512_v2,9000,0.02,49.660910273263177,1.1166474656641998
2,B,q23_B_r512_v2,10800,0,49.849495774010038,1.7661775138652225
2,B,q23_B_r512_v2,10800,0.0050000000000000001,49.855340831838575,1.7165333509082499
2,B,q23_B_r512_v2,10800,0.01,49.874612257805126,1.5701981440341415
2,B,q23_B_r512_v2,10800,0.014999999999999999,49.910147862620718,1.3332633563153411
2,B,q23_B_r512_v2,10800,0.02,49.966412863677874,1.0081229203749336
2,F00,q23_F00_r96_z0_v2,1800,0,32.121644752330639,2.5499897232316719
2,F00,q23_F00_r96_z0_v2,1800,0.0050000000000000001,32.310739359402668,2.5498377893333624
2,F00,q23_F00_r96_z0_v2,1800,0.01,32.882878331701448,2.5467450249770187
2,F00,q23_F00_r96_z0_v2,1800,0.014999999999999999,33.85560521097802,2.52271447408565
2,F00,q23_F00_r96_z0_v2,1800,0.02,35.260318649032556,2.4283648797133046
2,F00,q23_F00_r96_z0_v2,3600,0,40.15575201866308,2.5468520444501608
2,F00,q23_F00_r96_z0_v2,3600,0.0050000000000000001,40.326077203934048,2.542460135359351
2,F00,q23_F00_r96_z0_v2,3600,0.01,40.829021354446496,2.5186283918117063
2,F00,q23_F00_r96_z0_v2,3600,0.014999999999999999,41.641768884328386,2.4283239070336604
2,F00,q23_F00_r96_z0_v2,3600,0.02,42.748422879283808,2.14600881258424
2,F00,q23_F00_r96_z0_v2,5400,0,45.636527629734353,2.5160050843625954
2,F00,q23_F00_r96_z0_v2,5400,0.0050000000000000001,45.728087968365259,2.4952341864051806
2,F00,q23_F00_r96_z0_v2,5400,0.01,45.996639137516773,2.4121179642066446
2,F00,q23_F00_r96_z0_v2,5400,0.014999999999999999,46.424418468280528,2.2064453765261054
2,F00,q23_F00_r96_z0_v2,5400,0.02,46.9745044611483,1.8019987091596648
2,F00,q23_F00_r96_z0_v2,7200,0,48.355979774453303,2.4100430646994555
2,F00,q23_F00_r96_z0_v2,7200,0.0050000000000000001,48.396620812473344,2.3685881801499291
2,F00,q23_F00_r96_z0_v2,7200,0.01,48.514659643650127,2.2322615509484187
2,F00,q23_F00_r96_z0_v2,7200,0.014999999999999999,48.699841649416101,1.9742118111848161
2,F00,q23_F00_r96_z0_v2,7200,0.02,48.937834720184078,1.5736299160889899
2,F00,q23_F00_r96_z0_v2,9000,0,49.447646976405849,2.2411912358211041
2,F00,q23_F00_r96_z0_v2,9000,0.0050000000000000001,49.46060028488467,2.1914597299839533
2,F00,q23_F00_r96_z0_v2,9000,0.01,49.496676455024478,2.0390207037507686
2,F00,q23_F00_r96_z0_v2,9000,0.014999999999999999,49.55067443642502,1.7775468655008204
2,F00,q23_F00_r96_z0_v2,9000,0.02,49.648212674048864,1.403041775449027
2,F00,q23_F00_r96_z0_v2,10800,0,49.854568725953342,2.0555492583784947
2,F00,q23_F00_r96_z0_v2,10800,0.0050000000000000001,49.86088064836099,2.0057432639673607
2,F00,q23_F00_r96_z0_v2,10800,0.01,49.881099944457908,1.8563538317041051
2,F00,q23_F00_r96_z0_v2,10800,0.014999999999999999,49.916791368055087,1.6079176388536665
2,F00,q23_F00_r96_z0_v2,10800,0.02,49.97077796888388,1.260239401801728
2,F10,q23_F10_r96_z128_retry,1800,0,32.121644844820231,2.5499897232375437
2,F10,q23_F10_r96_z128_retry,1800,0.0050000000000000001,32.310739460771742,2.5498377893304816
2,F10,q23_F10_r96_z128_retry,1800,0.01,32.882878402702197,2.5467450239252583
2,F10,q23_F10_r96_z128_retry,1800,0.014999999999999999,33.855604910707399,2.5227144508043335
2,F10,q23_F10_r96_z128_retry,1800,0.02,35.260318739901138,2.428364839254928
2,F10,q23_F10_r96_z128_retry,3600,0,40.155785830093699,2.5468520422437768
2,F10,q23_F10_r96_z128_retry,3600,0.0050000000000000001,40.326110217983896,2.5424601317879176
2,F10,q23_F10_r96_z128_retry,3600,0.01,40.829052052070729,2.5186283894241783
2,F10,q23_F10_r96_z128_retry,3600,0.014999999999999999,41.641796016790188,2.4283239128807246
2,F10,q23_F10_r96_z128_retry,3600,0.02,42.74844488275189,2.1460082415296107
2,F10,q23_F10_r96_z128_retry,5400,0,45.637072234628086,2.5160045282532808
2,F10,q23_F10_r96_z128_retry,5400,0.0050000000000000001,45.728620261653369,2.4952334187243408
2,F10,q23_F10_r96_z128_retry,5400,0.01,45.997134854642795,2.4121164291557791
2,F10,q23_F10_r96_z128_retry,5400,0.014999999999999999,46.424853971422628,2.2064420195082231
2,F10,q23_F10_r96_z128_retry,5400,0.02,46.974855855305194,1.8019917641807408
2,F10,q23_F10_r96_z128_retry,7200,0,48.35753243510829,2.4100355533900748
2,F10,q23_F10_r96_z128_retry,7200,0.0050000000000000001,48.398136024532171,2.3685799849041751
2,F10,q23_F10_r96_z128_retry,7200,0.01,48.516064008393165,2.2322518958735751
2,F10,q23_F10_r96_z128_retry,7200,0.014999999999999999,48.701065645374484,1.9742014677204831
2,F10,q23_F10_r96_z128_retry,7200,0.02,48.938813108407494,1.5736216338404476
2,F10,q23_F10_r96_z128_retry,9000,0,49.449608046742995,2.2411684957233002
2,F10,q23_F10_r96_z128_retry,9000,0.0050000000000000001,49.462510751768541,2.1914373183215718
2,F10,q23_F10_r96_z128_retry,9000,0.01,49.498438164360849,2.0389999699429975
2,F10,q23_F10_r96_z128_retry,9000,0.014999999999999999,49.552197269659104,1.7775304862491796
2,F10,q23_F10_r96_z128_retry,9000,0.02,49.64942021706176,1.4030326533176922
2,F10,q23_F10_r96_z128_retry,10800,0,49.856052354109949,2.0555142645907134
2,F10,q23_F10_r96_z128_retry,10800,0.0050000000000000001,49.862324079115503,2.0057098469914911
2,F10,q23_F10_r96_z128_retry,10800,0.01,49.882426311447539,1.8563251653534092
2,F10,q23_F10_r96_z128_retry,10800,0.014999999999999999,49.917932772354142,1.6078964996965734
2,F10,q23_F10_r96_z128_retry,10800,0.02,49.97167701873547,1.260226839798894
2,F01,q23_F01_r96_z0_v2,1800,0,31.258073312013142,2.5499956485904898
2,F01,q23_F01_r96_z0_v2,1800,0.0050000000000000001,31.434542314584597,2.5499288709645747
2,F01,q23_F01_r96_z0_v2,1800,0.01,31.964201131019447,2.5486254625059677
2,F01,q23_F01_r96_z0_v2,1800,0.014999999999999999,32.849866966596295,2.5400385118671283
2,F01,q23_F01_r96_z0_v2,1800,0.02,34.098287704679507,2.5123988424209927
2,F01,q23_F01_r96_z0_v2,3600,0,37.579305896631318,2.5489997457178775
2,F01,q23_F01_r96_z0_v2,3600,0.0050000000000000001,37.689444163050915,2.5476724556652957
2,F01,q23_F01_r96_z0_v2,3600,0.01,38.011276981518478,2.540858288237783
2,F01,q23_F01_r96_z0_v2,3600,0.014999999999999999,38.519450726309053,2.5162927499445562
2,F01,q23_F01_r96_z0_v2,3600,0.02,39.165558916757931,2.4420604265190371
2,F01,q23_F01_r96_z0_v2,5400,0,40.560121071747531,2.5424551786957434
2,F01,q23_F01_r96_z0_v2,5400,0.0050000000000000001,40.601947183558302,2.5376841229729772
2,F01,q23_F01_r96_z0_v2,5400,0.01,40.723587342640549,2.5181232479298896
2,F01,q23_F01_r96_z0_v2,5400,0.014999999999999999,40.915317584490836,2.4676156076518914
2,F01,q23_F01_r96_z0_v2,5400,0.02,41.138685444636806,2.3621832689434159
2,F01,q23_F01_r96_z0_v2,7200,0,41.656541561769373,2.5236190359282729
2,F01,q23_F01_r96_z0_v2,7200,0.0050000000000000001,41.6722313453119,2.514032337526686
2,F01,q23_F01_r96_z0_v2,7200,0.01,41.718353655877841,2.4806277930448868
2,F01,q23_F01_r96_z0_v2,7200,0.014999999999999999,41.791132394108111,2.411203080110496
2,F01,q23_F01_r96_z0_v2,7200,0.02,41.85282686133209,2.2911954574711868
2,F01,q23_F01_r96_z0_v2,9000,0,42.033278137893284,2.491584740484075
2,F01,q23_F01_r96_z0_v2,9000,0.0050000000000000001,42.038284236840838,2.4782312138033369
2,F01,q23_F01_r96_z0_v2,9000,0.01,42.052508244148896,2.4351235383768084
2,F01,q23_F01_r96_z0_v2,9000,0.014999999999999999,42.074622659141518,2.3547813877040626
2,F01,q23_F01_r96_z0_v2,9000,0.02,42.122882483324524,2.2297176139784307
2,F01,q23_F01_r96_z0_v2,10800,0,42.193576623193053,2.4503054897936498
2,F01,q23_F01_r96_z0_v2,10800,0.0050000000000000001,42.195437243488726,2.4346648317488211
2,F01,q23_F01_r96_z0_v2,10800,0.01,42.203343137570066,2.3860035394247028
2,F01,q23_F01_r96_z0_v2,10800,0.014999999999999999,42.216749196774479,2.2999499148732352
2,F01,q23_F01_r96_z0_v2,10800,0.02,42.204602115344585,2.1704546056227834
2,F11,q23_F11_r96_z128_v2,1800,0,31.258073337975134,2.5499956485925321
2,F11,q23_F11_r96_z128_v2,1800,0.0050000000000000001,31.434542415339067,2.5499288709715944
2,F11,q23_F11_r96_z128_v2,1800,0.01,31.964201485191893,2.5486254626509659
2,F11,q23_F11_r96_z128_v2,1800,0.014999999999999999,32.849867889737546,2.5400385128117589
2,F11,q23_F11_r96_z128_v2,1800,0.02,34.098288524162157,2.5123987760797468
2,F11,q23_F11_r96_z128_v2,3600,0,37.57930734754536,2.5489997457127438
2,F11,q23_F11_r96_z128_v2,3600,0.0050000000000000001,37.689445529733007,2.5476724555369721
2,F11,q23_F11_r96_z128_v2,3600,0.01,38.011278085288737,2.5408582869024254
2,F11,q23_F11_r96_z128_v2,3600,0.014999999999999999,38.519451545360035,2.5162927418660184
2,F11,q23_F11_r96_z128_v2,3600,0.02,39.165559078211096,2.4420604006108872
2,F11,q23_F11_r96_z128_v2,5400,0,40.560131741691094,2.542455174525839
2,F11,q23_F11_r96_z128_v2,5400,0.0050000000000000001,40.601957130986875,2.5376841166675064
2,F11,q23_F11_r96_z128_v2,5400,0.01,40.723595281203856,2.5181232308631665
2,F11,q23_F11_r96_z128_v2,5400,0.014999999999999999,40.915322598454303,2.4676155350050757
2,F11,q23_F11_r96_z128_v2,5400,0.02,41.138687386336983,2.3621829868386008
2,F11,q23_F11_r96_z128_v2,7200,0,41.65655175104429,2.5236190035352917
2,F11,q23_F11_r96_z128_v2,7200,0.0050000000000000001,41.672240870367197,2.514032291513955
2,F11,q23_F11_r96_z128_v2,7200,0.01,41.718361263388168,2.480627694505591
2,F11,q23_F11_r96_z128_v2,7200,0.014999999999999999,41.791137409553095,2.4112028716098166
2,F11,q23_F11_r96_z128_v2,7200,0.02,41.852828474353963,2.2911950831210151
2,F11,q23_F11_r96_z128_v2,9000,0,42.033283687184252,2.4915846320399195
2,F11,q23_F11_r96_z128_v2,9000,0.0050000000000000001,42.038289440658275,2.4782310820924813
2,F11,q23_F11_r96_z128_v2,9000,0.01,42.05251243651734,2.4351233364973712
2,F11,q23_F11_r96_z128_v2,9000,0.014999999999999999,42.074625492247158,2.3547810761683348
2,F11,q23_F11_r96_z128_v2,9000,0.02,42.12288330081708,2.2297171875405692
2,F11,q23_F11_r96_z128_v2,10800,0,42.19357946678285,2.4503052733048314
2,F11,q23_F11_r96_z128_v2,10800,0.0050000000000000001,42.195439870998335,2.4346645908024547
2,F11,q23_F11_r96_z128_v2,10800,0.01,42.20334488089572,2.3860032303488077
2,F11,q23_F11_r96_z128_v2,10800,0.014999999999999999,42.216749876541421,2.299949510688263
2,F11,q23_F11_r96_z128_v2,10800,0.02,42.204602649569459,2.1704540826387637
3,B,q23_B_r512_v2,21600,0,49.998918518606487,1.016968516746005
3,B,q23_B_r512_v2,21600,0.0050000000000000001,49.998919005173313,0.98813859563794171
3,B,q23_B_r512_v2,21600,0.01,49.998920424336035,0.90152724309878085
3,B,q23_B_r512_v2,21600,0.014999999999999999,49.998922665141045,0.75500794994835285
3,B,q23_B_r512_v2,21600,0.02,49.998925586976576,0.5327791018678022
3,B,q23_B_r512_v2,43200,0,49.998934426229503,0.45614950980105884
3,B,q23_B_r512_v2,43200,0.0050000000000000001,49.998934426229503,0.4431647486923988
3,B,q23_B_r512_v2,43200,0.01,49.998934426229503,0.4030767632654495
3,B,q23_B_r512_v2,43200,0.014999999999999999,49.998934426229503,0.32973882448313058
3,B,q23_B_r512_v2,43200,0.02,49.998934426229525,0.16417579409719937
3,B,q23_B_r512_v2,64800,0,49.998934426229511,0.2988426557311441
3,B,q23_B_r512_v2,64800,0.0050000000000000001,49.998934426229511,0.29155191244645962
3,B,q23_B_r512_v2,64800,0.01,49.998934426229511,0.26871173264947484
3,B,q23_B_r512_v2,64800,0.014999999999999999,49.998934426229511,0.22530134367455579
3,B,q23_B_r512_v2,64800,0.02,49.998934426229511,0.084465639192577782
3,B,q23_B_r512_v2,86400,0,49.998934426229511,0.23779941132209559
3,B,q23_B_r512_v2,86400,0.0050000000000000001,49.998934426229511,0.23273947389598923
3,B,q23_B_r512_v2,86400,0.01,49.998934426229511,0.21672572128569115
3,B,q23_B_r512_v2,86400,0.014999999999999999,49.998934426229511,0.18554902005084961
3,B,q23_B_r512_v2,86400,0.02,49.998934426229511,0.066461906205578861
3,B,q23_B_r512_v2,108000,0,49.998934426229511,0.20582376023706125
3,B,q23_B_r512_v2,108000,0.0050000000000000001,49.998934426229511,0.20184499009132889
3,B,q23_B_r512_v2,108000,0.01,49.998934426229511,0.18916703307556709
3,B,q23_B_r512_v2,108000,0.014999999999999999,49.998934426229511,0.16409083627165374
3,B,q23_B_r512_v2,108000,0.02,49.998934426229511,0.059828490141760345
3,B,q23_B_r512_v2,129600,0,49.998934426229511,0.18587757973226471
3,B,q23_B_r512_v2,129600,0.0050000000000000001,49.998934426229511,0.18252958374214989
3,B,q23_B_r512_v2,129600,0.01,49.998934426229511,0.17181074966722129
3,B,q23_B_r512_v2,129600,0.014999999999999999,49.998934426229511,0.15037384768956419
3,B,q23_B_r512_v2,129600,0.02,49.998934426229511,0.056635876080538272
3,B,q23_B_r512_v2,151200,0,49.998934426229511,0.17206584875514361
3,B,q23_B_r512_v2,151200,0.0050000000000000001,49.998934426229511,0.16913221287635233
3,B,q23_B_r512_v2,151200,0.01,49.998934426229511,0.15970679457581782
3,B,q23_B_r512_v2,151200,0.014999999999999999,49.998934426229511,0.14070086790421668
3,B,q23_B_r512_v2,151200,0.02,49.998934426229511,0.054840510901298795
3,B,q23_B_r512_v2,172800,0,49.998934426229511,0.16182721855828161
3,B,q23_B_r512_v2,172800,0.0050000000000000001,49.998934426229511,0.15918799518617421
3,B,q23_B_r512_v2,172800,0.01,49.998934426229511,0.1506851532092148
3,B,q23_B_r512_v2,172800,0.014999999999999999,49.998934426229511,0.13342904975759623
3,B,q23_B_r512_v2,172800,0.02,49.998934426229511,0.053722255994523328
3,B,q23_B_r512_v2,194400,0,49.998934426229511,0.15386684457568284
3,B,q23_B_r512_v2,194400,0.0050000000000000001,49.998934426229511,0.15144863087994473
3,B,q23_B_r512_v2,194400,0.01,49.998934426229511,0.14364051141156689
3,B,q23_B_r512_v2,194400,0.014999999999999999,49.998934426229511,0.12771174873450364
3,B,q23_B_r512_v2,194400,0.02,49.998934426229511,0.052973642382061863
3,F00,q23_F00_r96_z0_v2,21600,0,49.998932420374743,1.2037856544639398
3,F00,q23_F00_r96_z0_v2,21600,0.0050000000000000001,49.998932483239159,1.1717996255538863
3,F00,q23_F00_r96_z0_v2,21600,0.01,49.998932664798666,1.0760906941665118
3,F00,q23_F00_r96_z0_v2,21600,0.014999999999999999,49.998932945903583,0.91610906233967915
3,F00,q23_F00_r96_z0_v2,21600,0.02,49.998933301503364,0.68319181849203559
3,F00,q23_F00_r96_z0_v2,43200,0,49.998934426229525,0.52062894803764004
3,F00,q23_F00_r96_z0_v2,43200,0.0050000000000000001,49.998934426229503,0.50625478152981684
3,F00,q23_F00_r96_z0_v2,43200,0.01,49.998934426229503,0.46212417430522718
3,F00,q23_F00_r96_z0_v2,43200,0.014999999999999999,49.998934426229525,0.38288344533580732
3,F00,q23_F00_r96_z0_v2,43200,0.02,49.998934426229511,0.23182829678912481
3,F00,q23_F00_r96_z0_v2,64800,0,49.998934426229511,0.32376123352007991
3,F00,q23_F00_r96_z0_v2,64800,0.0050000000000000001,49.998934426229511,0.31576603191954539
3,F00,q23_F00_r96_z0_v2,64800,0.01,49.998934426229518,0.29079104266021238
3,F00,q23_F00_r96_z0_v2,64800,0.014999999999999999,49.998934426229511,0.24375095525845186
3,F00,q23_F00_r96_z0_v2,64800,0.02,49.998934426229511,0.1211575385938533
3,F00,q23_F00_r96_z0_v2,86400,0,49.998934426229518,0.25013671460905895
3,F00,q23_F00_r96_z0_v2,86400,0.0050000000000000001,49.998934426229518,0.24472862499572604
3,F00,q23_F00_r96_z0_v2,86400,0.01,49.998934426229511,0.22765618750167768
3,F00,q23_F00_r96_z0_v2,86400,0.014999999999999999,49.998934426229518,0.19466110249364349
3,F00,q23_F00_r96_z0_v2,86400,0.02,49.998934426229511,0.09535389962019783
3,F00,q23_F00_r96_z0_v2,108000,0,49.998934426229511,0.2132610915932332
3,F00,q23_F00_r96_z0_v2,108000,0.0050000000000000001,49.998934426229511,0.20909057319001803
3,F00,q23_F00_r96_z0_v2,108000,0.01,49.998934426229511,0.19583167818071576
3,F00,q23_F00_r96_z0_v2,108000,0.014999999999999999,49.998934426229511,0.16978034584543711
3,F00,q23_F00_r96_z0_v2,108000,0.02,49.998934426229511,0.086594698509494097
3,F00,q23_F00_r96_z0_v2,129600,0,49.998934426229511,0.19096330932288264
3,F00,q23_F00_r96_z0_v2,129600,0.0050000000000000001,49.998934426229511,0.18749928569839902
3,F00,q23_F00_r96_z0_v2,129600,0.01,49.998934426229511,0.17643303523572387
3,F00,q23_F00_r96_z0_v2,129600,0.014999999999999999,49.998934426229511,0.15444728779867845
3,F00,q23_F00_r96_z0_v2,129600,0.02,49.998934426229511,0.082598072074997336
3,F00,q23_F00_r96_z0_v2,151200,0,49.998934426229511,0.17584663874346443
3,F00,q23_F00_r96_z0_v2,151200,0.0050000000000000001,49.998934426229511,0.17283896698625856
3,F00,q23_F00_r96_z0_v2,151200,0.01,49.998934426229511,0.16319712433244238
3,F00,q23_F00_r96_z0_v2,151200,0.014999999999999999,49.998934426229511,0.14389080612714844
3,F00,q23_F00_r96_z0_v2,151200,0.02,49.998934426229511,0.080427035790645765
3,F00,q23_F00_r96_z0_v2,172800,0,49.998934426229511,0.1648086467552721
3,F00,q23_F00_r96_z0_v2,172800,0.0050000000000000001,49.998934426229511,0.16212141986024295
3,F00,q23_F00_r96_z0_v2,172800,0.01,49.998934426229511,0.15348445458197482
3,F00,q23_F00_r96_z0_v2,172800,0.014999999999999999,49.998934426229511,0.13609109689028215
3,F00,q23_F00_r96_z0_v2,172800,0.02,49.998934426229511,0.079107024020600061
3,F00,q23_F00_r96_z0_v2,194400,0,49.998934426229511,0.15632337295193197
3,F00,q23_F00_r96_z0_v2,194400,0.0050000000000000001,49.998934426229511,0.1538747778884188
3,F00,q23_F00_r96_z0_v2,194400,0.01,49.998934426229511,0.14598910356615144
3,F00,q23_F00_r96_z0_v2,194400,0.014999999999999999,49.998934426229511,0.13004082079475335
3,F00,q23_F00_r96_z0_v2,194400,0.02,49.998934426229511,0.078238953656984772
3,F10,q23_F10_r96_z128_retry,21600,0,49.998932982425863,1.2037477793891695
3,F10,q23_F10_r96_z128_retry,21600,0.0050000000000000001,49.998933027534015,1.1717628177766073
3,F10,q23_F10_r96_z128_retry,21600,0.01,49.998933157965638,1.0760569364184243
3,F10,q23_F10_r96_z128_retry,21600,0.014999999999999999,49.998933360270783,0.91607987619932418
3,F10,q23_F10_r96_z128_retry,21600,0.02,49.998933616572444,0.68316770333436128
3,F10,q23_F10_r96_z128_retry,43200,0,49.998934426229518,0.52059933566693917
3,F10,q23_F10_r96_z128_retry,43200,0.0050000000000000001,49.998934426229503,0.50622622515338789
3,F10,q23_F10_r96_z128_retry,43200,0.01,49.998934426229511,0.4620986793995609
3,F10,q23_F10_r96_z128_retry,43200,0.014999999999999999,49.998934426229511,0.38286266190225576
3,F10,q23_F10_r96_z128_retry,43200,0.02,49.998934426229503,0.23181095957571965
3,F10,q23_F10_r96_z128_retry,64800,0,49.998934426229511,0.32374227449780013
3,F10,q23_F10_r96_z128_retry,64800,0.0050000000000000001,49.998934426229511,0.31574789318119856
3,F10,q23_F10_r96_z128_retry,64800,0.01,49.998934426229511,0.29077531428641623
3,F10,q23_F10_r96_z128_retry,64800,0.014999999999999999,49.998934426229511,0.24373915534242338
3,F10,q23_F10_r96_z128_retry,64800,0.02,49.998934426229511,0.12115039920882872
3,F10,q23_F10_r96_z128_retry,86400,0,49.998934426229511,0.25012355588270496
3,F10,q23_F10_r96_z128_retry,86400,0.0050000000000000001,49.998934426229511,0.2447160343758813
3,F10,q23_F10_r96_z128_retry,86400,0.01,49.998934426229511,0.22764527496649825
3,F10,q23_F10_r96_z128_retry,86400,0.014999999999999999,49.998934426229511,0.19465297500297923
3,F10,q23_F10_r96_z128_retry,86400,0.02,49.998934426229503,0.095350730982501949
3,F10,q23_F10_r96_z128_retry,108000,0,49.998934426229511,0.21325104251277399
3,F10,q23_F10_r96_z128_retry,108000,0.0050000000000000001,49.998934426229511,0.20908094114160417
3,F10,q23_F10_r96_z128_retry,108000,0.01,49.998934426229511,0.19582328411528682
3,F10,q23_F10_r96_z128_retry,108000,0.014999999999999999,49.998934426229511,0.1697740341924199
3,F10,q23_F10_r96_z128_retry,108000,0.02,49.998934426229511,0.086592934088040377
3,F10,q23_F10_r96_z128_retry,129600,0,49.998934426229511,0.19095515764616663
3,F10,q23_F10_r96_z128_retry,129600,0.0050000000000000001,49.998934426229511,0.18749145975300954
3,F10,q23_F10_r96_z128_retry,129600,0.01,49.998934426229511,0.17642618038219543
3,F10,q23_F10_r96_z128_retry,129600,0.014999999999999999,49.998934426229511,0.1544420846114935
3,F10,q23_F10_r96_z128_retry,129600,0.02,49.998934426229503,0.08259694887482201
3,F10,q23_F10_r96_z128_retry,151200,0,49.998934426229511,0.17583976448079247
3,F10,q23_F10_r96_z128_retry,151200,0.0050000000000000001,49.998934426229511,0.17283235876309566
3,F10,q23_F10_r96_z128_retry,151200,0.01,49.998934426229511,0.1631913120981979
3,F10,q23_F10_r96_z128_retry,151200,0.014999999999999999,49.998934426229511,0.14388636048866063
3,F10,q23_F10_r96_z128_retry,151200,0.02,49.998934426229511,0.080426257796107556
3,F10,q23_F10_r96_z128_retry,172800,0,49.998934426229511,0.16480269262788011
3,F10,q23_F10_r96_z128_retry,172800,0.0050000000000000001,49.998934426229511,0.16211569008480409
3,F10,q23_F10_r96_z128_retry,172800,0.01,49.998934426229511,0.15347939814340059
3,F10,q23_F10_r96_z128_retry,172800,0.014999999999999999,49.998934426229511,0.13608720601819488
3,F10,q23_F10_r96_z128_retry,172800,0.02,49.998934426229511,0.079106452956155718
3,F10,q23_F10_r96_z128_retry,194400,0,49.998934426229511,0.15631811427547621
3,F10,q23_F10_r96_z128_retry,194400,0.0050000000000000001,49.998934426229511,0.15386971295491048
3,F10,q23_F10_r96_z128_retry,194400,0.01,49.998934426229511,0.14598462169369678
3,F10,q23_F10_r96_z128_retry,194400,0.014999999999999999,49.998934426229511,0.13003735575848777
3,F10,q23_F10_r96_z128_retry,194400,0.02,49.998934426229511,0.078238516373401568
3,F01,q23_F01_r96_z0_v2,21600,0,42.292048985941008,2.148899086258742
3,F01,q23_F01_r96_z0_v2,21600,0.0050000000000000001,42.292423599570128,2.1303920198415791
3,F01,q23_F01_r96_z0_v2,21600,0.01,42.293544155543664,2.074589342376306
3,F01,q23_F01_r96_z0_v2,21600,0.014999999999999999,42.295400995565217,1.9806046078548947
3,F01,q23_F01_r96_z0_v2,21600,0.02,42.29797863176492,1.8467755468450811
3,F01,q23_F01_r96_z0_v2,43200,0,42.635527675968987,1.5375661751434027
3,F01,q23_F01_r96_z0_v2,43200,0.0050000000000000001,42.636311287922609,1.5185916818957326
3,F01,q23_F01_r96_z0_v2,43200,0.01,42.638654680545223,1.4612057425513398
3,F01,q23_F01_r96_z0_v2,43200,0.014999999999999999,42.642536645750553,1.3638196152593283
3,F01,q23_F01_r96_z0_v2,43200,0.02,42.647926378627638,1.222925451085463
3,F01,q23_F01_r96_z0_v2,64800,0,43.768504083281876,0.97631654101988075
3,F01,q23_F01_r96_z0_v2,64800,0.0050000000000000001,43.770801137875779,0.9577293051955067
3,F01,q23_F01_r96_z0_v2,64800,0.01,43.77767027517902,0.90111289532967787
3,F01,q23_F01_r96_z0_v2,64800,0.014999999999999999,43.78905650840813,0.80316133156537117
3,F01,q23_F01_r96_z0_v2,64800,0.02,43.804924304704492,0.65420051607656937
3,F01,q23_F01_r96_z0_v2,86400,0,46.742807387788652,0.55670130707528165
3,F01,q23_F01_r96_z0_v2,86400,0.0050000000000000001,46.745435836778974,0.54265963517743487
3,F01,q23_F01_r96_z0_v2,86400,0.01,46.753299549773722,0.49950729513238723
3,F01,q23_F01_r96_z0_v2,86400,0.014999999999999999,46.766360388982044,0.42232752590471456
3,F01,q23_F01_r96_z0_v2,86400,0.02,46.784739710921059,0.28552072496437636
3,F01,q23_F01_r96_z0_v2,108000,0,48.81866628450318,0.35119674482918101
3,F01,q23_F01_r96_z0_v2,108000,0.0050000000000000001,48.819553686523911,0.342502171672036
3,F01,q23_F01_r96_z0_v2,108000,0.01,48.822212632469906,0.3153930540727205
3,F01,q23_F01_r96_z0_v2,108000,0.014999999999999999,48.82664238229976,0.2646807365061038
3,F01,q23_F01_r96_z0_v2,108000,0.02,48.832931257321874,0.14522844401949975
3,F01,q23_F01_r96_z0_v2,129600,0,49.498971180611115,0.2646719557637327
3,F01,q23_F01_r96_z0_v2,129600,0.0050000000000000001,49.499222765287037,0.25881933338939567
3,F01,q23_F01_r96_z0_v2,129600,0.01,49.499977209539054,0.24038013834394478
3,F01,q23_F01_r96_z0_v2,129600,0.014999999999999999,49.501235686885387,0.20493573016311067
3,F01,q23_F01_r96_z0_v2,129600,0.02,49.50302411111911,0.10442289771683849
3,F01,q23_F01_r96_z0_v2,151200,0,49.726480218693688,0.22190640457072153
3,F01,q23_F01_r96_z0_v2,151200,0.0050000000000000001,49.726575672177532,0.21747413776829469
3,F01,q23_F01_r96_z0_v2,151200,0.01,49.72686203035412,0.20340634306923944
3,F01,q23_F01_r96_z0_v2,151200,0.014999999999999999,49.727339965043427,0.17588095805125392
3,F01,q23_F01_r96_z0_v2,151200,0.02,49.728018639006066,0.091018575297230897
3,F01,q23_F01_r96_z0_v2,172800,0,49.825594313178705,0.19671397711416805
3,F01,q23_F01_r96_z0_v2,172800,0.0050000000000000001,49.825640074223195,0.19308254639513117
3,F01,q23_F01_r96_z0_v2,172800,0.01,49.825777382328802,0.18149639246268448
3,F01,q23_F01_r96_z0_v2,172800,0.014999999999999999,49.826006601208555,0.15855062852574664
3,F01,q23_F01_r96_z0_v2,172800,0.02,49.826331787472455,0.085193816625569421
3,F01,q23_F01_r96_z0_v2,194400,0,49.877608750622194,0.17998621037680004
3,F01,q23_F01_r96_z0_v2,194400,0.0050000000000000001,49.87763424732033,0.17686276684090144
3,F01,q23_F01_r96_z0_v2,194400,0.01,49.877710758946492,0.16685986861836005
3,F01,q23_F01_r96_z0_v2,194400,0.014999999999999999,49.877838496797906,0.14687966826980417
3,F01,q23_F01_r96_z0_v2,194400,0.02,49.878019558534277,0.082137776206509985
3,F01,q23_F01_r96_z0_v2,216000,0,49.908447783374989,0.16795922791036766
3,F01,q23_F01_r96_z0_v2,216000,0.0050000000000000001,49.908463511601134,0.16518700912442538
3,F01,q23_F01_r96_z0_v2,216000,0.01,49.908510712239917,0.15628404462007642
3,F01,q23_F01_r96_z0_v2,216000,0.014999999999999999,49.908589517100289,0.13838976723317156
3,F01,q23_F01_r96_z0_v2,216000,0.02,49.908701134541545,0.080325432797984403
3,F01,q23_F01_r96_z0_v2,237600,0,49.928348263590429,0.15882077874401904
3,F01,q23_F01_r96_z0_v2,237600,0.0050000000000000001,49.928358698877702,0.15630691185426826
3,F01,q23_F01_r96_z0_v2,237600,0.01,49.928390016395582,0.14821633840148191
3,F01,q23_F01_r96_z0_v2,237600,0.014999999999999999,49.928442303354608,0.13187921089247062
3,F01,q23_F01_r96_z0_v2,237600,0.02,49.928516312445275,0.079155526941024013
3,F01,q23_F01_r96_z0_v2,259200,0,49.942009578020304,0.15159246761050524
3,F01,q23_F01_r96_z0_v2,259200,0.0050000000000000001,49.942016888785929,0.14927752877165723
3,F01,q23_F01_r96_z0_v2,259200,0.01,49.942038829710043,0.14181472566788586
3,F01,q23_F01_r96_z0_v2,259200,0.014999999999999999,49.942075461294856,0.12669236531196076
3,F01,q23_F01_r96_z0_v2,259200,0.02,49.942127280792697,0.078352138144416758
3,F11,q23_F11_r96_z128_v2,21600,0,42.292055022971134,2.1488978513454517
3,F11,q23_F11_r96_z128_v2,21600,0.0050000000000000001,42.292429283131682,2.1303907701879505
3,F11,q23_F11_r96_z128_v2,21600,0.01,42.293548837423067,2.0745880519018476
3,F11,q23_F11_r96_z128_v2,21600,0.014999999999999999,42.295404193691667,1.9806032533812974
3,F11,q23_F11_r96_z128_v2,21600,0.02,42.297980109035194,1.8467740954425926
3,F11,q23_F11_r96_z128_v2,43200,0,42.635690753678837,1.5375483380486004
3,F11,q23_F11_r96_z128_v2,43200,0.0050000000000000001,42.636465818182501,1.5185737184524164
3,F11,q23_F11_r96_z128_v2,43200,0.01,42.638784714228009,1.4611873182130855
3,F11,q23_F11_r96_z128_v2,43200,0.014999999999999999,42.642629531496766,1.3638001225696812
3,F11,q23_F11_r96_z128_v2,43200,0.02,42.647974507469499,1.2229036927112447
3,F11,q23_F11_r96_z128_v2,64800,0,43.772748496102921,0.97611370451428425
3,F11,q23_F11_r96_z128_v2,64800,0.0050000000000000001,43.774892137911344,0.95752599353827128
3,F11,q23_F11_r96_z128_v2,64800,0.01,43.781311944570753,0.90090674386239633
3,F11,q23_F11_r96_z128_v2,64800,0.014999999999999999,43.791984522009521,0.80294456944308179
3,F11,q23_F11_r96_z128_v2,64800,0.02,43.806922303441397,0.65394835587916067
3,F11,q23_F11_r96_z128_v2,86400,0,46.764254378406868,0.55606172981688295
3,F11,q23_F11_r96_z128_v2,86400,0.0050000000000000001,46.766363387343766,0.54203394453355869
3,F11,q23_F11_r96_z128_v2,86400,0.01,46.772684782747106,0.49892046312888905
3,F11,q23_F11_r96_z128_v2,86400,0.014999999999999999,46.783222826567787,0.42179251566955173
3,F11,q23_F11_r96_z128_v2,86400,0.02,46.798131272979184,0.284962207808382
3,F11,q23_F11_r96_z128_v2,108000,0,48.831497893834751,0.35065381294843478
3,F11,q23_F11_r96_z128_v2,108000,0.0050000000000000001,48.832120646362036,0.341978819409822
3,F11,q23_F11_r96_z128_v2,108000,0.01,48.83399142299443,0.31492732069983881
3,F11,q23_F11_r96_z128_v2,108000,0.014999999999999999,48.837123821470676,0.26430779965952761
3,F11,q23_F11_r96_z128_v2,108000,0.02,48.841601250221125,0.14490180280070894
3,F11,q23_F11_r96_z128_v2,129600,0,49.503743448742647,0.26433146344142738
3,F11,q23_F11_r96_z128_v2,129600,0.0050000000000000001,49.503903660578459,0.2584919822236339
3,F11,q23_F11_r96_z128_v2,129600,0.01,49.504385905719772,0.24009207530785526
3,F11,q23_F11_r96_z128_v2,129600,0.014999999999999999,49.50519623490667,0.20471432377203744
3,F11,q23_F11_r96_z128_v2,129600,0.02,49.506359247756734,0.10429335019313576
3,F11,q23_F11_r96_z128_v2,151200,0,49.728610316270547,0.22168008050891769
3,F11,q23_F11_r96_z128_v2,151200,0.0050000000000000001,49.728666714836713,0.21725627513574897
3,F11,q23_F11_r96_z128_v2,151200,0.01,49.728836754832798,0.20321398008596686
3,F11,q23_F11_r96_z128_v2,151200,0.014999999999999999,49.729123315670371,0.17573282981520899
3,F11,q23_F11_r96_z128_v2,151200,0.02,49.729535643318002,0.090957947990436466
3,F11,q23_F11_r96_z128_v2,172800,0,49.826737214211342,0.19655068881973364
3,F11,q23_F11_r96_z128_v2,172800,0.0050000000000000001,49.826762610124455,0.1929251033443197
3,F11,q23_F11_r96_z128_v2,172800,0.01,49.826839283649413,0.1813566722883031
3,F11,q23_F11_r96_z128_v2,172800,0.014999999999999999,49.82696882182691,0.15844214524377687
3,F11,q23_F11_r96_z128_v2,172800,0.02,49.827155628718366,0.085160214966012587
3,F11,q23_F11_r96_z128_v2,194400,0,49.878302114437275,0.17986098236131082
3,F11,q23_F11_r96_z128_v2,194400,0.0050000000000000001,49.87831550146467,0.1767418517100848
3,F11,q23_F11_r96_z128_v2,194400,0.01,49.878355970318729,0.16675209377396916
3,F11,q23_F11_r96_z128_v2,194400,0.014999999999999999,49.878424501852457,0.1467953468716906
3,F11,q23_F11_r96_z128_v2,194400,0.02,49.878523555121703,0.082116915542276667
3,F11,q23_F11_r96_z128_v2,216000,0,49.908905616896192,0.16785888994740455
3,F11,q23_F11_r96_z128_v2,216000,0.0050000000000000001,49.908913465137893,0.16509001683791541
3,F11,q23_F11_r96_z128_v2,216000,0.01,49.908937220099361,0.15619728659410681
3,F11,q23_F11_r96_z128_v2,216000,0.014999999999999999,49.90897754083646,0.13832146894708161
3,F11,q23_F11_r96_z128_v2,216000,0.02,49.909035958826379,0.08031142126414928
3,F11,q23_F11_r96_z128_v2,237600,0,49.92866969621867,0.15873775335085288
3,F11,q23_F11_r96_z128_v2,237600,0.0050000000000000001,49.928674659287253,0.15622658131605907
3,F11,q23_F11_r96_z128_v2,237600,0.01,49.928689700580982,0.14814427949369444
3,F11,q23_F11_r96_z128_v2,237600,0.014999999999999999,49.928715291218062,0.13182220910214418
3,F11,q23_F11_r96_z128_v2,237600,0.02,49.928752462854042,0.079145560808793591
3,F11,q23_F11_r96_z128_v2,259200,0,49.942245920264462,0.15152206891525774
3,F11,q23_F11_r96_z128_v2,259200,0.0050000000000000001,49.942249240536356,0.14920936415631944
3,F11,q23_F11_r96_z128_v2,259200,0.01,49.942259316350231,0.14175343906448509
3,F11,q23_F11_r96_z128_v2,259200,0.014999999999999999,49.942276500703287,0.1266437028455081
3,F11,q23_F11_r96_z128_v2,259200,0.02,49.942301530503542,0.078344735261084972
